slug,title,H1,seo_heading
colors,AI Colors Flashcards: Create from PDFs Instantly,Generate Smart Colors Flashcards from Any Document,Mastering Colors Through AI-Driven Active Recall
vowel,Generate Vowel Flashcards Instantly from Your Study PDFs,Transform Your Study Materials into Smart Vowel Flashcards,Mastering Vowel Concepts with AI-Powered Active Recall
maker-pictures,AI Flashcard Maker: Documents to Visual Study Sets,The Ultimate Flashcard Maker with Pictures from Documents,Why AI-Driven Flashcard Creation Outperforms Manual Methods
create-quizlet,Create Flashcards Instantly: Ditch Manual Quizlet Entry,"Stop Manually Building Decks: Create Flashcards Quizlet Style, Only Smarter",Why AI Flashcard Generation Outperforms Manual Systems
digital-maker,AI Digital Flashcard Maker: Create Study Decks Instantly,The Smarter Digital Flashcard Maker Powered by AI,Why Use an AI Digital Flashcard Maker Over Manual Methods?
anki-english,Anki English Flashcards: Auto-Generate & Master Vocab,Stop Manually Making Anki English Flashcards,Optimize English Vocabulary Acquisition with AI
1-10,AI Flashcards from PDF: Study Smarter Now,Create Instant 1-10 Flashcards from Any PDF,Mastering Material Extraction for Academic Success
free-notecards,AI-Powered Free Notecards: Study Smarter Now,Generate Powerful Free Notecards from Any Document,Mastery Through AI-Generated Free Notecards
sat-vocabulary,Master SAT Vocabulary Words with AI Flashcards,Generate SAT Vocabulary Words Flashcards Instantly,Accelerate SAT Vocabulary Mastery with Active Recall
sight,AI Sight Words Flash Cards from Any PDF/Doc,Generate Smart Sight Words Flash Cards Instantly,Why AI Flash Cards Outperform Manual Sight Word Lists
create,AI App to Create Flashcards from Any Document,Effortlessly Create Flashcards from Your Study Materials,Why AI is Essential for Modern Flashcard Creation
bicsi-rcdd,Bicsi RCDD Flash Cards: Ace Your Certification Exam,Generate Bicsi RCDD Flash Cards from Any Document,Mastering Telecommunications Design with AI Flash Cards
shapes,AI Shapes Flashcards: Convert PDFs Instantly,Instantly Generate Shapes Flashcards from Any File,Mastering Geometric Shapes Through Active Recall
days-week,AI Days of the Week Flashcards from PDFs | Study Smarter,Instantly Create Smart Days of the Week Flashcards,Accelerate Learning with AI-Powered Flashcards
brown-bear,AI Brown Bear Flashcards from PDF & Docs,Instantly Create Brown Bear Flashcards From Your PDFs,Mastering Brown Bear Facts Through Active Recall
easy-maker,Easy Flashcard Maker: Convert Docs to Study Sets Instantly,The Easiest Flashcard Maker: Convert Any Document Fast,Why This is the Best Easy Flashcard Maker Available
flip-maker,Free Flip Card Maker: AI Study Tools,Generate Instant Study Decks with Our Free Flip Card Maker,Move Beyond Manual Flashcard Creation
spanish,AI Spanish Flash Cards from PDF & DOCX Instantly,Create Powerful Spanish Flash Cards from Your Documents,Why AI-Generated Spanish Flash Cards Beat Manual Creation
science,Generate Science Flashcards From PDF & Docs Instantly,Convert Your Science PDFs to Smart Flashcards Instantly,Transforming Static Science Documents into Dynamic Study Tools
lange-pathology,AI Lange Pathology Flash Cards from Your PDFs,Instantly Create Lange Pathology Flash Cards From Any Source,Master Lange Pathology Using AI-Driven Active Recall
action,Create Action Flashcards Instantly from PDFs & Docs,Generate Action Flash Cards From Any Document,Why AI-Generated Action Flash Cards Improve Study Outcomes
4-seasons,AI 4 Seasons Flashcards from PDF & Documents,Generate Your Custom 4 Seasons Flashcards Instantly,Master Seasonal Concepts with AI-Powered Flashcards
ap-biology,AI AP Biology Flashcards from PDF & DOCX,Generate Perfect AP Biology Flashcards Instantly,Mastering AP Biology Through Active Recall
adjective,AI Adjective Flashcards from PDF: Study Smarter,Instant Adjective Flashcards from Your PDF Documents,Mastering Grammar: Why AI Adjective Flashcards Are Essential
clothes,AI Clothes Flashcards from PDFs: Learn Vocabulary Fast,Generate Smart Clothes Flashcards from Any PDF or Document,Mastering Apparel Terminology with AI Flashcards
create-study-online,Create Study Flashcards Online From Any Document,Create Study Flashcards Online Instantly From Your Materials,Automate Your Study Prep with AI
cantonese,AI Cantonese Flashcards from PDF | Smarter Study,Create Powerful Cantonese Flashcards from Any Document,Mastering Cantonese Vocabulary with AI Assistance
bedroom,AI Bedroom Flashcards: Study Guides from Any PDF,Instantly Create Bedroom Flashcards from Any PDF,Mastering Complex Subjects with AI Flashcards
create-anki-quickly,Create Anki Cards Quickly From Your Study Materials,Instantly Create Anki Cards Quickly From Any Document,Streamline Your Study Workflow by Creating Anki Cards Quickly
counting,Instant Counting Flashcards from PDF & DOCX,Create Counting Flashcards Directly From Any PDF or Document,Transforming Document Study into Active Recall Practice
community-helpers,Free AI Community Helpers Flashcards from PDFs,Generate Instant Community Helpers Flashcards from Any Document,Mastering Concepts with AI Community Helpers Flashcards
activities,AI Activities Flashcards from PDF: Study Smarter,Instantly Create Activities Flashcards From Any PDF,Mastering Study Activities with AI Flashcards
consonant-blends,AI Consonant Blends Flashcards from Your PDFs,Create Smart Consonant Blends Flashcards Instantly,Why AI-Generated Consonant Blends Flashcards Outperform Manual Methods
class-10,"AI Class 10 Flashcards: Study Smarter, Not Harder",Generate Instant Class 10 Flashcards from Any Document,Mastering Class 10 Concepts with AI Flashcards
barrons-ap-statistics,AI Barron's AP Statistics Flashcards Made Easy,Generate AI Barron's AP Statistics Flashcards Instantly,Unlock Top Scores with AI-Powered AP Statistics Practice
countries,AI Countries Flashcards from PDF | Smarter Study,Instantly Create Countries Flashcards from Any PDF,Mastering Geography Facts with AI Flashcards
ap-psychology,AI AP Psychology Flashcards: Study Smarter Now,Generate Perfect AP Psychology Flashcards Instantly,Master AP Psychology Concepts with AI-Driven Recall
cvc-blending,AI CVC Blending Flash Cards Generator,Create CVC Blending Flash Cards Instantly from Any Source,Master CVC Blending Through Active Recall
days-week-kindergarten,AI Days of the Week Flashcards: Free & Instant,Create Smart Days of the Week Flashcards Instantly,Mastering Early Concepts with AI Flashcards
esl-adults,Create ESL Flashcards for Adults from PDFs Instantly,Instant ESL Flashcards for Adults from Your Documents,Master English Concepts with AI-Powered Active Recall
english-vocabulary,AI English Vocabulary Cards: From PDF to Study Deck,Create Smart English Vocabulary Cards Instantly,Master English Vocabulary Faster Than Manual Methods
directions,AI Directions Flashcards from PDFs & Docs,Instantly Create Directions Flashcards from Any File,Why AI-Generated Directions Flashcards Excel
animals,AI Flash Cards for Animals: PDF to Study Guide,Instant Flash Cards from Your Animals Study Materials,Transforming Animal Studies with AI-Generated Flash Cards
download-from-quizlet,AI Flashcards: Ditch Manual Entry & Quizlet Downloads,"Generate Smarter Flashcards, Skip the Quizlet Download Hassle",Why Manually Transferring Flashcards is Obsolete
irregular-verbs,AI Flash Cards Irregular Verbs PDF Generator,Generate Smart Flash Cards from Irregular Verbs PDF,Mastering Irregular Verbs with AI-Powered Flash Cards
days-months,AI Days and Months Flashcards from PDFs Instantly,Create Days and Months Flashcards from Any Document,Mastering Calendar Facts with Active Recall
family-members,AI Family Members Flashcards from PDF & Docs,Generate Family Members Flashcards from Any Document,Mastering Family Vocabulary Through Active Recall
filipino-alphabet,AI Filipino Alphabet Flash Cards from Your Docs,Instant Filipino Alphabet Flash Cards from Any Source,Mastering the Filipino Alphabet Through Active Recall
esl-action-verbs,AI ESL Action Verbs Flashcards from Any Document,Generate Instant ESL Action Verbs Flashcards From Your Materials,Master ESL Action Verbs Flashcards Efficiency
english-verbs,AI English Verbs Flashcards from PDFs & Docs,Generate English Verbs Flashcards Instantly,Master English Verbs Through Active Recall
family,Generate Family Flash Cards From PDF Instantly,Create Family Flash Cards From PDF & Documents,Mastering Complex Topics with AI Flash Cards
flags-world,AI Flashcards: Master Flags of the World Fast,Generate Flags of the World Flashcards from Any Document,Effective Study: Moving Beyond Static Flags of the World PDF Lists
learning-english,AI Flash Cards: Learn English from PDFs & Docs,Create Smart Flash Cards for Learning English from Any File,Smarter Studying: Mastering English with AI Flash Cards
feelings,AI Flashcards for Feelings: Instant PDF Conversion,Instantly Create Feelings Flashcards from Any Document,Mastering Emotional Vocabulary with AI Flashcards
download,AI Flash Cards from PDF: Instant Study Material,Generate Smart Flash Cards from Any PDF or Document,Superior Study Workflow with AI Flash Cards
goodnotes-5,Generate AI Flashcards from GoodNotes 5 PDFs Instantly,Convert GoodNotes 5 Flashcards & Notes to Active Recall,Smart Conversion for Digital Note Takers
gre-magoosh,AI GRE Magoosh Flashcards Generator: Study Smarter,Instantly Generate AI Flashcards from GRE Magoosh Materials,"Stop Typing, Start Mastering: AI for GRE Prep"
halloween,AI Halloween Flashcards from PDF & Docs,Generate Smart Halloween Flashcards from Any PDF,Master Complex Topics with AI-Powered Study Aids
food,Generate Food Flashcards from PDFs Instantly,Instantly Create Food Flashcards from Your PDFs,Mastering Food Science with AI-Powered Active Recall
class-10-download,AI Flashcards for Class 10 Study Materials,"Stop Searching, Start Learning: AI Flashcards for Class 10",Accelerate Class 10 Mastery with AI-Powered Active Recall
fruits-vegetables,AI Flashcards for Fruits and Vegetables PDF Study,Generate Smart Flashcards from Your Fruits and Vegetables PDF,Mastering Any Subject with AI-Powered Flashcards
histology,AI Histology Flashcards from PDF: Study Smarter,Generate Histology Flashcards From Your PDF Instantly,Mastering Histology with AI-Powered Flashcards
idioms,Create Idioms Flashcards from PDFs Instantly,Instantly Generate Idioms Flashcards from Your Documents,Why Convert PDF Notes into AI Idioms Flashcards?
abc,"AI Flashcards from PDF: Study Smarter, Not Harder",Transform Your Documents into Smart Flashcards Instantly,Master Any Subject with Automated Flashcard Creation
flash-cards-pdf-free,Free AI Flash Cards from PDF: Study Smarter Now,Create Smart Flash Cards from Your PDF for Free,Master Complex Topics with AI-Driven Flash Cards from PDF
maker-download,AI Flashcard Maker Download: Study Smarter Today,Instant Flashcard Maker Download Alternative,Beyond Flashcard Maker Downloads: Smarter Studying
fruits,AI Flashcards from PDFs: Master Fruits Easily,Generate Smart Flashcards from Fruit PDFs Instantly,Mastering Botanical Information with AI Flashcards
multiplication,AI Flashcard Multiplication PDF Generator | Study Smarter,Instant Flashcards from Your Multiplication PDF Notes,Mastering Multiplication Concepts with AI-Powered Active Recall
ipa,Generate IPA Flashcards from PDFs Instantly,Create IPA Flashcards from Your Study Materials,Mastering Phonetics with AI-Generated IPA Flashcards
integer,AI Integer Flash Cards from PDF: Study Smarter,Generate Integer Flash Cards Instantly From Your PDF Notes,Mastering Integer Concepts with AI Flashcards
phrasal-verbs,AI Flashcards: Master Phrasal Verbs From Any PDF,Generate Flashcards for Phrasal Verbs Instantly from PDFs,Master Phrasal Verbs Flashcards with Active Recall
jolly-phonics-group-1,AI Jolly Phonics Group 1 Flashcards from PDF,Create Jolly Phonics Group 1 Flashcards from Any File,Master Phonics Concepts with AI-Powered Flashcards
magoosh-vocabulary,AI Magoosh Vocabulary Flashcards from Any PDF,Generate Smart Magoosh Vocabulary Flashcards Instantly,Upgrade Your Study Habits with AI Vocabulary Flashcards
make-quizlet,Make Your Quizlet: AI Flashcards Instantly,Stop Manual Entry: Make Your Quizlet Sets with AI Now,Why AI Flashcards Outperform Traditional Study Sets
marathi,Marathi Flashcards PDF: Generate & Ace Your Study Goals,Create Custom Marathi Flashcards Instantly From Any PDF,Unlock Fluent Study with AI-Powered Marathi Flashcards
nasm,AI NASM Flashcards: Create from PDF Instantly,Create NASM Flashcards from PDF Instantly,Master NASM Concepts Faster Than Manual Study
make-anki-fast,Make Anki Cards Fast: Upload & Generate Instantly,Effortlessly Make Anki Cards Fast From Any Document,Mastering Study Efficiency with AI Flashcards
goodnotes,Generate AI Flash Cards from Goodnotes Notes,Instantly Turn Goodnotes Flash Card Material into Study Assets,Why AI Flash Cards Beat Manual Note Creation
nelson-denny-vocabulary,Nelson Denny Vocabulary Flashcards: Study Smarter,Instantly Create Nelson Denny Vocabulary Flashcards,Mastering Vocabulary with AI-Powered Active Recall
medstudy-internal-medicine,AI MedStudy Internal Medicine Flashcards | Smart Study,Instant AI Flashcards from Your MedStudy Internal Medicine Files,Mastering Internal Medicine with AI-Driven Active Recall
vocabulary-english,AI Flashcards for English Vocabulary from PDFs,Create Smart English Vocabulary Flashcards Instantly,Instant Flashcards Vocabulary English PDF Conversion
nihongo-notion,Create Nihongo Flashcards Instantly from Any Source,Transform Your Nihongo Study Materials into Smart Flashcards,Mastering Japanese Grammar and Vocabulary
magoosh,Magoosh Flashcards PDF Alternative: AI Study Tools,Create AI Magoosh Flashcards PDF Alternatives Instantly,Why Convert Study Materials to AI Flashcards?
medical-student-anki,AI Flashcards for Medical Students: Master Anki Style,Instant Flashcards for Medical Student Anki Prep,Moving Beyond Manual Anki Creation for Medical Students
note-online-study,AI Note Cards Online Study: Create Smarter Decks,Generate AI Note Cards Online Study Aids Instantly,Master Material Faster with AI Note Cards Online Study
medstudy,Instant MedStudy Flashcards From Any PDF or Doc,Create Powerful MedStudy Flashcards From Any PDF or Doc,The Future of Medical Study: AI-Powered Flashcards
food-vocabulary,AI Food Vocabulary Flashcards from Your Study Docs,Generate Food Vocabulary Flashcards from Any Document,Mastering Food Vocabulary Flashcards Through Active Recall
make-online,Make Your Flashcards Online Instantly with AI Power,Instantly Make Your Flashcards Online From Any Source,The Authority on Digital Flashcard Creation
modern-real-estate-practice-20th-edition,AI Flashcards for Modern Real Estate Practice,Master Modern Real Estate Practice 20th Edition Flashcards,Accelerate Mastery of Real Estate Principles
make,Make Your Own Flashcards App with AI Instantly,Instantly Make Your Own Flashcards App Content,Stop Manually Creating Study Guides with AI
past-simple-irregular-verbs,AI Past Simple Irregular Verbs Flashcards Generator,Create Past Simple Irregular Verbs Flashcards Instantly,Mastering Past Simple Irregular Verbs with Active Recall
possessive-pronouns,AI Possessive Pronouns Flashcards from PDFs,Generate Possessive Pronouns Flashcards Instantly,Mastering Possessive Pronouns Through Active Recall
quizlet-make-private,AI Flashcards: Convert PDFs to Study Sets Instantly,Ditch Manual Entry: Create AI Flashcards From Any File,Master Complex Material with AI-Powered Study Tools
personal-pronouns,AI Personal Pronouns Flashcards from PDF & Docs,Create Personal Pronouns Flashcards Instantly from Any Document,Mastering Personal Pronouns with AI Active Recall
power-up-1,Generate Power Up 1 Flashcards from PDF Instantly,Create AI Power Up 1 Flashcards from Any Document,Maximize Learning Efficiency for Power Up 1 Content
food-drinks,AI Food & Drinks Flashcards from Any PDF,Instantly Create Food and Drinks Flashcards from Your PDF,Why AI-Generated Food and Drinks Flashcards Outperform Manual Study
months,AI Months Flashcards from PDF: Study Smarter,Generate Months Flashcards Instantly from Your PDF Documents,Transforming Static Documents into Active Study Tools
quizlet-make,Quizlet Make Alternative: Instant AI Flashcards,Bypass Manual Entry: Quizlet Make Own Flashcards Smarter,Why AI Flashcards Outperform Traditional Study Methods
recycling,AI Recycling Flashcards from PDF | Study Smarter,Generate Instant Recycling Flashcards From Any PDF,Master Environmental Concepts with AI-Powered Flashcards
picture,AI Picture Cards PDF: Instant Flashcards Generator,Create Picture Cards & Flashcards from Your PDF Documents,Transforming Static Notes into Effective Picture Cards PDF Study Tools
preposition-picture,AI Preposition Picture Cards: Generate Instantly,Transform Documents into Smart Preposition Picture Cards,Master Prepositions with AI-Driven Active Recall
fundations-digraph-sound,AI Fundations Digraph Sound Cards: Instant Study Sets,Create Fundations Digraph Sound Cards Instantly with AI,Why AI Converts Fundations Digraph Sound PDFs into Superior Study Tools
phoneme,AI Phoneme Flashcards from PDF: Study Smarter,Instant Phoneme Flashcards from Your Study Material,Harnessing AI for Phoneme Flashcard Mastery
physical-appearance,AI Physical Appearance Flashcards from Any Document,Generate Physical Appearance Flashcards Instantly,Efficiently Study Physical Appearance Concepts
python,AI Python Flashcards from PDF: Study Smarter Now,Generate Instant Python Flashcards from Your PDF Notes,Master Python Concepts Using Active Recall
planet,AI Planet Flashcards from PDF: Study Smarter Now,Generate AI Planet Flashcards from Your Study PDF,Mastering Planetary Science with AI Flashcards
quizlet-game-create,Generate Study Games from Documents Instantly,Skip the Quizlet Game Create Grind: AI Does the Work,Why AI Flashcards Outperform Manual Quizlet Game Creation
right-brain-education,AI Right Brain Education Flashcards from PDFs,Instantly Create Right Brain Education Flashcards from Any Document,Unlock Deeper Learning with AI for Right Brain Education Flashcards
tagalog,Instant Tagalog Flashcards from Your PDFs & Docs,Create Tagalog Flashcards From Any Document Instantly,Master Tagalog Faster with AI-Powered Active Recall
smartserve-quizlet,AI SmartServe Quizlet Alternative: Study Faster,Ditch Manual Creation: AI Flashcards for SmartServe Mastery,Mastering Compliance Concepts with AI-Driven Active Recall
transport,Generate Transport Flashcards from PDF Instantly,Create Custom Transport Flashcards from Your PDF Uploads,Mastering Transport Concepts with AI Flashcards
tricky,Master Tricky Words Flashcards: Upload PDF & Study Fast,Generate AI Flashcards for Your Tricky Words PDF,Accelerate Learning with AI-Powered Tricky Words Flashcards
urdu-alphabets,Urdu Alphabets Flashcards: PDF to Smart Study Decks,Create AI Urdu Alphabets Flashcards From Any Document,Ditch Manual Urdu Alphabets Flashcard Creation
vehicle,Generate Vehicle Flashcards from PDF Instantly,Instant Vehicle Flashcards From Any PDF or Document,Mastering Technical Material with AI-Driven Flashcards
verb,Generate AI Verb Cards from PDF & Documents Fast,Instantly Create Verb Cards from Any Document,Mastering Verb Concepts with AI Flashcards
weather,AI Weather Flashcards: Generate from PDF for Free,Instantly Generate Weather Flashcards from Any PDF,Smarter Studying: AI vs. Manual Weather Flashcard Creation
winter-sports,AI Winter Sports Flashcards from PDF & DOCX,Instant AI Winter Sports Flashcards from Your Documents,Master Winter Sports Concepts with AI-Powered Active Recall
time,AI Time Flashcards from PDF: Study Smarter Today,Instant AI Time Flashcards from Any PDF,Mastering Time Concepts with AI-Driven Flashcards
quizlet-create-set,Quizlet Create A Set? Use AI for Instant Cards,Ditch 'Quizlet Create A Set'—Generate Smart Flashcards Now,Why AI Flashcards Outperform Manual Set Creation
sat-vocabulary-online,SAT Vocabulary Flashcards Online: Study Smarter Now,Generate SAT Vocabulary Flashcards Online Instantly,Mastering SAT Vocabulary with Digital Flashcards
good-notes,AI Flash Cards from Good Notes: Study Smarter,Instantly Create Flash Cards from Your Good Notes,Harnessing AI for Smarter Note Review
telugu,AI Telugu Flashcards from PDFs & Docs Instantly,Generate Telugu Flash Cards from PDF & Documents Instantly,Transforming Telugu Study Materials into Active Recall Assets
good-note,AI Flashcard Good Note: Turn Docs Into Study Sets,Generate Your Flashcard Good Note Instantly with AI,Mastering Concepts with AI-Powered Note Conversion
quizlet-make-set,AI Flashcards: Stop Manually Making Study Sets,Ditch Manual Entry: Use AI to Quizlet Make a Set Instantly,Master Active Recall Without Manual Set Building
uworld,AI UWorld Flashcards from PDF: Study Smarter Now,Create UWorld Flashcards from PDF Instantly with AI,Mastering Content with AI-Powered Active Recall
vocab-maker,AI Vocab Flashcard Maker: Instant Study Sets,The Fastest AI Vocab Flashcard Maker Online,Maximize Vocabulary Retention with AI
quizlet-create,AI Quizlet Create Alternative: Instant Study Sets,Effortless Quizlet Create Your Own Flashcards with AI,Master Any Subject Without Manual Card Creation
make-vocabulary,Make Vocabulary Flashcards Instantly with AI,Effortlessly Make Vocabulary Flashcards from Any Source,Why AI is the Future of Vocabulary Flashcards
online-maker,AI Online Flashcard Maker: Instant Study Guides,Generate Study Decks with an AI Online Flashcard Maker,Master Any Subject Using an AI Online Flashcard Maker
ardms-abdomen-quizlet,AI ARDMS Abdomen Flashcards: Study Smarter,Create ARDMS Abdomen Flashcards Faster Than Quizlet,Advanced Active Recall for Registry Success
online-creator,AI Online Flashcard Creator: Study Smarter Now,The Fastest AI Online Flashcard Creator,Mastering Concepts with AI-Driven Flashcards
maker,AI Flashcard Maker: Convert Docs to Study Cards Fast,The Ultimate AI Flashcard Maker for Complex Material,Why This Flashcard Maker Outperforms Manual Methods
creator,AI Flashcard Creator: Instant Study Decks from Documents,The Fastest AI Flashcard Creator for Serious Students,Why Choose an AI Flashcard Creator Over Manual Methods?
best-maker,Best Flashcard Maker App: Instant AI Study Sets,The Best Flashcard Maker App Powered by AI,Why Our AI Flashcard Maker Outperforms Manual Study Methods
generator,Fast AI Flashcard Generator for Study Mastery,The Ultimate AI Flashcard Generator for Complex Materials,Master Any Subject with an Intelligent Flashcard Generator
months-year,AI Flashcards for Months of the Year PDF Study,Generate Smart Months of the Year Flashcards from Any PDF,Mastering Chronological Data with AI Flashcards
study-notes,AI Flashcards for Study Notes: Instant Prep,Generate Smart Flashcards for Study Notes Instantly,Transforming Study Notes into Powerful Learning Tools
fema-ics-200-quizlet,FEMA ICS 200 Flashcards: Master Concepts Fast,Generate AI Flashcards for FEMA ICS 200,Why AI Flashcards Outperform Generic FEMA ICS 200 Quizlet Sets
beginning-sound-picture,"AI Flashcards: Smart Study, Zero Cost",Transform Documents into Smart Flashcards Instantly,Harnessing Active Recall with Automated Flashcards
api-570,Generate API 570 Flashcards Instantly with AI,Create Your API 570 Flashcards Instantly Using AI,Mastering API 570 Through Active Recall
zoo-animals,AI Zoo Animals Flashcards from PDF & Docs,Instant Zoo Animals Flashcards from Any Document,Mastering Biology and Zoology with AI Flashcards
servsafe-7th-edition-quizlet,AI ServSafe 7th Edition Flashcards: Study Smarter,Ditch Quizlet: Generate AI Flashcards for ServSafe 7th Edition,Mastering ServSafe 7th Edition Through Active Recall
servicenow-cis-itsm-quizlet,ServiceNow CIS ITSM Flashcards: Master Certification Fast,Ditch Quizlet: Create ServiceNow CIS ITSM Flashcards Instantly,Why AI Flashcards Outperform Manual Quizlet Sets
tamil,Create Tamil Flash Cards from PDF Instantly,Generate AI Tamil Flash Cards From Your Study Materials,Mastering Tamil Vocabulary with AI-Powered Active Recall
tefl,Generate Instant TEFL Flashcards from Documents,Create Smart TEFL Flashcards Instantly,Mastering TEFL Concepts with Intelligent Flashcards
quizlet,AI Quizlet PDF Flashcards: Instant Study Sets,Stop Manually Making Flashcards from PDFs,Why AI Flashcards Outperform Traditional Methods
sites-like-quizlet,Best AI Flashcard Sites Like Quizlet for Students,Generate Smarter Flashcards Instantly—Better Than Sites Like Quizlet,Why Upgrade from Manual Flashcard Sites Like Quizlet
canva-maker,AI Canva Flashcards Maker: Create Study Aids Instantly,The Ultimate AI Canva Flashcards Maker,Master Any Subject with AI-Powered Flashcard Creation
evernote,Create Evernote Flashcards Instantly with AI,Transform Your Evernote Notes into Smart Flashcards,Maximize Study Efficiency by Converting Evernote Flashcard Sets
vocabulary,AI Vocabulary Flash Cards from PDF & Docs,Generate Vocabulary Flash Cards from Your PDF Files,Master Vocabulary Flash Cards From Any Document
test-maker,"AI Flashcard Test Maker: Study Smarter, Faster",The AI Flashcard Test Maker That Learns With You,Why Our AI Flashcard Test Maker Outperforms Manual Creation
create-study-set-quizlet,AI Study Set Generator: Beat Quizlet Manually,Effortlessly Create Study Sets Faster Than Quizlet,Why AI Generates Superior Study Sets Over Manual Tools
household-items,AI Household Items Flashcards from PDF & Docs,Instant Household Items Flashcards from Your Documents,Automate Your Active Recall Practice
quizlet-how-make,AI Flashcards: Stop Manually Making Quizlet Sets,Endless Study Sets: AI Powering Quizlet How to Make Flashcards Faster,Why AI Beats Manual Flashcard Creation
students,AI Flashcards App for Students: Study Smarter Now,Create Instant AI Flashcards App for Students,Master Any Subject with AI-Powered Flashcards for Students
magoosh-gre-vocabulary,AI Magoosh GRE Vocabulary Flashcards Generator,Create Smart AI Flashcards from Magoosh GRE Vocabulary,Mastering GRE Vocabulary with AI Active Recall
by-chegg,AI Flashcards Generator: Smarter Studying Today,Instantly Create Effective Flashcards from Any Document,Why AI-Generated Flashcards Outperform Manual Note-Taking
note-recognition,AI Note Recognition Flashcards: Study Smarter Now,Generate AI Note Recognition Flashcards Instantly,Mastering Content with AI Flashcards
create-digital,Create Digital Flashcards Instantly From Any Document,Effortlessly Create Digital Flashcards from Your Study Materials,Why AI is the Future of Digital Flashcards
digraph,Generate Digraph Flashcards from PDF Instantly,Instantly Create Digraph Flashcards from Your Documents,Mastering Complex Topics with AI Digraph Flashcards
anki-deck-generator,AI Anki Deck Generator: Upload Files & Study Smarter,The Ultimate AI Anki Deck Generator for Complex Material,Why Our AI Outperforms Traditional Anki Deck Creation
anki-maker,AI Anki Flashcards Maker: Fast & Free Study Sets,The Smart AI Anki Flashcards Maker,Beyond Manual Entry: Why AI Accelerates Studying
one-note,AI One Note Flash Cards: Instant Study Aids,Transform Your One Note Flash Cards Instantly with AI,Leveraging AI for Efficient One Note Flash Card Creation
create-anki,Create Anki Cards Instantly From Any Document,"Stop Manually Making Flashcards, Start Using AI to Create Anki Cards",Transitioning from Manual Anki Card Creation to Automated Learning
barrons-sat,AI Barron's SAT Flashcards from Any PDF Instantly,Instant AI Barron's SAT Flashcards from Your Study Materials,Mastering the SAT with AI-Powered Active Recall
make-anki,Make Anki Cards Instantly with AI from Your Documents,Effortlessly Make Anki Cards from Any Study Material,Why AI Is the Future of Digital Flashcard Creation
quizlet-create-study-set,Quizlet Create Study Set Alternative: AI Flashcards,Instantly Convert Documents into Smart Flashcards,Automate Active Recall: The Future of Study Sets
make-online-study,Make Online Flashcards to Study: Instant AI Generation,Instantly Make Online Flashcards to Study Smarter,Why AI Helps You Make Online Flashcards to Study Effectively
colregs,Generate COLREGs Flashcards Instantly From Any PDF,Create Smart COLREGs Flashcards Instantly From Your PDF,Mastering COLREGs Through Active Recall
anki-note,Generate AI Anki Note Cards From Any Document,Stop Making Anki Note Cards Manually,Why AI Beats Manual Anki Note Cards Creation
organic-chemistry,AI Organic Chemistry Flashcards from Any PDF,Create Organic Chemistry Flashcards from Any PDF Instantly,Smarter Studying for Organic Chemistry Mastery
flowers,AI Flowers Flashcards from PDF & Docs Instantly,Generate Flowers Flashcards from PDF & Docs with AI,Optimize Your Botany Study Workflow
sat-quizlet,AI SAT Words Quizlet Alternative: Instant Flashcards,Generate Smarter SAT Words Flashcards Instantly,Why AI Flashcards Beat Manual SAT Word Lists
anki-notes,Create AI Flashcards From Anki Notes Instantly,Instantly Create AI Flashcards From Your Anki Notes,Move Beyond Static Anki Notes with AI Assistance
sie,Instant SIE Flashcards: Convert PDF Study Guides Fast,Convert Your SIE Study Materials into AI Flashcards,Mastering the Securities Industry Essentials (SIE) Exam
spelling,AI Spelling Flashcards from PDF & Docs Instantly,Create Custom Spelling Flashcards from Any Document,Master Any Vocabulary List with AI-Powered Spelling Flashcards
servsafe-diagnostic-test-quizlet,ServSafe Diagnostic Test Prep: AI Flashcards Instead of Quizlet,Ace Your ServSafe Diagnostic Test with AI Flashcards,Move Past ServSafe Quizlet Alternatives to True Mastery
note-name,AI Note Name Flashcards from PDFs & Docs,Transform Your Notes into Smart AI Flashcards Instantly,Master Any Subject by Turning Documents into Flashcards
language-maker,AI Language Flashcard Maker: Learn Smarter,The Ultimate AI Language Flashcard Maker,Mastering Vocabulary with an AI Language Flashcard Maker
wild-animals,AI Wild Animals Flashcards from PDF & Docs,Instant Wild Animals Flashcards from Any Document,Mastering Wildlife Facts with AI Flashcards PDF Conversion
division,AI Division Flashcards: Generate PDFs Instantly,Create Smart Division Flashcards from Any PDF,Why AI-Generated Division Flashcards Outperform Manual Methods
create-virtual,Create Virtual Flashcards from Any Document Instantly,Effortlessly Create Virtual Flashcards from Your Study Files,Smarter Study: Create Virtual Flashcards That Stick
fundations-trick,Master Fundations Trick Words with AI Flashcards,Create Fundations Trick Words Flashcards Instantly with AI,Mastering Fundations Trick Words with Active Recall
knowt,Generate Knowt Flashcards Instantly with AI,Instantly Generate Knowt Flashcards Using AI,Master Concepts Faster Than Manual Creation
handwritten-revision,AI Flash Cards for Handwritten Revision Notes,Instantly Create Flash Cards from Handwritten Revision Notes,Transform Handwritten Revision Notes Effortlessly
create-my-quizlet,Create Your Own Quizlet: AI Flashcard Generation,Instantly Create My Own Quizlet Cards From Any Document,Why AI Flashcard Generation Outperforms Manual Quizlet Creation
gmat,GMAT Flashcards & Study Guides from Your Documents,Create AI-Powered GMAT Flashcards from Any Document,Mastering GMAT Concepts Through Active Recall
best-make,Best App to Make Your Own Flashcards: AI-Powered Study,The Best App to Make Your Own Flashcards Instantly with AI,Why Our Tool is the Best App to Make Your Own Flashcards
best-making,Best App for Making Flashcards: AI-Powered Study,The Best App for Making Flashcards from Your Notes,Why AI Flashcard Generation Outperforms Manual Methods
make-study,AI Tool to Make Your Own Study Flashcards Instantly,"Stop Manually Creating, Start Mastering: Make Your Own Study Flashcards with AI",The Future of Efficient Studying: AI-Powered Flashcard Creation
math,AI Math Flash Cards from PDF & DOCX,Instant Math Flash Cards from Your Study Materials,Accelerate Math Concept Retention with AI
revision-note,AI Revision Note Cards: Instant Study Sets Free,Transform Any Revision Note into Smart Flashcards Instantly,Master Complex Topics with AI Revision Note Cards
sat-online,Create SAT Flashcards Online Instantly with AI,Generate Custom SAT Flashcards Online from Any Document,Achieve Your Target Score with Smarter SAT Flashcards Online
quizlet-make-quiz,AI Flashcards: Ditch Manual Quizzes & Study Smarter,Stop Manually Making Quizzes—Use Our AI Flashcard Generator,Why AI Flashcards Outperform Manual Quiz Making
asl,AI ASL Flash Cards from PDF: Study Smarter,Create AI ASL Flash Cards Instantly From Your Documents,Mastering ASL Concepts Through AI-Powered Active Recall
study-maker,AI Study Flashcard Maker: Turn PDFs into Cards Fast,The Smartest AI Study Flashcard Maker Available,Why Use an AI Study Flashcard Maker Over Manual Methods?
esl,Generate ESL Flashcards from PDF Instantly,Create Powerful ESL Flashcards from PDF Instantly,Mastering English Vocabulary with AI Flashcards PDF
best-website-make,Best Website to Make Flashcards: AI-Powered Study Tools,The Best Website to Make Flashcards Using Your Own Study Material,Why Use an AI Website to Make Flashcards?
interactive-maker,AI Interactive Flashcard Maker: Study Smarter Now,The Fastest AI Interactive Flashcard Maker Available,Master Complex Topics with AI-Driven Active Recall
best-create,Best App to Create Flashcards: Instant AI Study Sets,The Best App to Create Flashcards From Any Document,Why AI Flashcards Are Superior to Manual Creation
website,AI Notecards Website: Generate Study Sets Instantly,The AI Notecards Website That Creates Your Study Sets,Why AI-Powered Notecards Revolutionize Learning
epa-608,Fast EPA 608 Flashcards Generator | Study Smarter,Instant EPA 608 Flashcards Generated from Your Study Materials,Why AI Flashcards Are Superior for EPA 608 Prep
online-study-note,AI Online Study Note Cards: Instant Revision Sets,Create Powerful Online Study Note Cards From Any Document,The Future of Reviewing Online Study Note Cards
multiplication-table,AI Multiplication Table Flash Cards from PDFs,Generate Multiplication Table Flash Cards from Any Document,Optimize Your Study Workflow for Mathematics Mastery
french,AI French Flash Cards from PDF: Study Smarter,Create Custom French Flash Cards from Any Document,Mastering French Vocabulary and Grammar with AI
cvc,Generate CVC Flash Cards Instantly from PDF,Convert Any CVC PDF to Smart Flash Cards,Mastering Phonetics with AI-Driven CVC Flash Cards
five-senses,AI Five Senses Flashcards from PDF & DOCX,Create Five Senses Flashcards Instantly from Your Materials,Mastering Sensory Learning with AI Flashcards
maker-program,AI Flashcard Maker Program: Study Smarter Now,The Ultimate AI Flashcard Maker Program for Students,Why Use an AI Flashcard Maker Program Over Manual Methods
healthy-food,AI Healthy Food Flashcards from Any PDF or Image,Create Healthy Food Flashcards from Any Document Instantly,Why AI is Essential for Studying Healthy Food Concepts
study-note,AI Study Note Cards: Generate Instantly from Documents,Transform Your Study Notes into Powerful AI Flashcards,Master Any Subject with AI-Powered Study Note Cards
stationery,AI Flash Cards Stationery: Instant Study Sets,Create Intelligent Flash Cards from Any Document,Why AI Replaces Flash Cards Stationery for Serious Students
times-table,AI Times Table Flash Cards from PDF & Docs,Generate Times Table Flash Cards from Any Document,Mastering Multiplication with AI Times Table Flash Cards
shichida,AI Shichida Flashcards from PDF: Instantly Generate Study Sets,Generate AI Shichida Flashcards from Any Document,Mastering Concepts with AI-Powered Shichida Flashcards
best-creating,Best App for Creating Flashcards: AI-Powered Study Tools,The Best App for Creating Flashcards from Your Study Materials,Why AI Flashcards Outperform Manual Methods
telling-time,AI Telling Time Flash Cards from PDFs Instantly,Instant AI Telling Time Flash Cards from Any Document,Beyond Basic Telling Time Flash Cards
flash-cards-pdf,AI Flash Cards PDF Generator | Study Smarter Now,Turn Any PDF into Intelligent Flash Cards Instantly,Master Concepts Faster: Leveraging AI for Document Study
ncert,Create NCERT Flashcards Instantly with AI,Instantly Generate Personalized NCERT Flashcards,Mastering NCERT Concepts with AI-Powered Active Recall
birds,AI Birds Flashcards from PDF: Study Smarter Now,Instant AI Birds Flashcards from Any Document,Why AI-Generated Birds Flashcards Excel
anki-medical,AI Flashcards for Medical Study: Faster Than Anki,Ditch Manual Decks: AI Flashcards for Anki Medical Prep,Mastering Medical Knowledge with Automated Recall Training
blend,AI Blend Flashcards from PDF & Docs Instantly,Create Smart Flashcards from Any Blend PDF or Document,Mastering Material Conversion with AI
pre-primer-sight,AI Flashcards: Master Pre-Primer Sight Words Fast,Instantly Generate Pre-Primer Sight Words Flash Cards,Beyond Static Pre-Primer Sight Words PDFs
online-vocabulary,AI Online Vocabulary Flashcards: Study Smarter,Create Perfect Online Vocabulary Flashcards with AI,Why AI Beats Manual Creation for Online Vocabulary Flashcards
create-quiz-quizlet,Create Quiz with AI: Smarter Than Quizlet Flashcards,Instantly Create Quizzes & Flashcards from Any Document,Why Choose AI Flashcards Over Manual Quiz Creation
create-online,Create Flashcards Online Free with AI Generation,Instantly Create Flashcards Online Free from Any Document,Mastery Through Active Recall and AI Generation
plants,AI Plants Flashcards from PDF: Study Smarter Now,Generate Plants Flashcards PDF Instantly with AI,Master Plant Concepts Using AI-Powered Active Recall
insect,AI Insect Flashcards from PDF & Docs Instantly,Create Custom Insect Flashcards from Any PDF,Accelerate Learning with AI Insect Flashcards PDF Conversion
lowercase-letter,Generate Flashcards From Any PDF Instantly,Create AI Flashcards From Any Document or PDF,Why AI-Powered Flashcards Outperform Manual Methods
quizlet-test-maker,AI Quizlet Test Maker: Generate Flashcards Instantly,The Smarter AI Quizlet Test Maker Alternative,Master Your Exams with AI-Powered Active Recall
prefixes-suffixes,AI Prefixes and Suffixes Flashcards from Any PDF,Create AI Prefixes and Suffixes Flashcards Instantly,Mastering Prefixes and Suffixes with Active Recall
alphabet,AI Alphabet Flash Cards: Instant PDF & Image Conversion,Generate Free Alphabet Flash Cards From Any Document,Why AI-Generated Alphabet Flash Cards Beat Manual Creation
pronouns,AI Pronouns Flashcards from PDF & Docs,Instant Pronouns Flashcards from Your Study Materials,Mastering Grammar Concepts with AI Pronouns Flashcards
blank,Generate AI Flash Cards from PDFs Instantly,"Stop Making Blank Flash Cards from PDFs, Let AI Do It",Eliminate Manual Effort with AI Flash Cards from PDFs
long-vowel,Instant Long Vowel Flashcards from PDF & Docs,Create Long Vowel Flashcards from Any Document Instantly,Why AI-Generated Long Vowel Flashcards Outperform Manual Study
high-frequency,AI High Frequency Words Flashcards from PDF Instantly,Create High Frequency Words Flashcards from Any Document,Mastering Vocabulary with AI High Frequency Words Flashcards
write,Effortlessly Write Flashcards with AI: Upload & Learn,Instantly Write Flashcards From Any Document Using AI,The Modern Way to Write Flashcards: Speed and Precision
zoo-phonics,AI Zoo Phonics Flash Cards from Any Document,Create Zoo Phonics Flash Cards from Your Learning Materials,Mastering Early Literacy with AI-Driven Zoo Phonics Flash Cards
automatic-maker,Automatic Flashcard Maker | Instant Study Aids,The Ultimate Automatic Flashcard Maker,Master Complex Topics with an Automatic Flashcard Maker
kaplan-gre-vocabulary,AI Kaplan GRE Vocabulary Flashcards from PDF,Generate Kaplan GRE Vocabulary Flashcards from PDF Instantly,Why AI-Generated Flashcards Beat Traditional GRE Study Methods
medstudy-pediatrics-download,AI Pediatrics Flashcards from PDFs: Study Smarter,Generate Smart Flashcards from MedStudy Pediatrics PDFs,Mastering Pediatrics Through AI-Powered Active Recall
ap-chemistry,AI AP Chemistry Flashcards from PDFs Instantly,Create Smart AP Chemistry Flashcards from Your Study Materials,Mastering AP Chemistry with Intelligent Flashcards
create-vocabulary,Create Vocabulary Flashcards Instantly with AI,Create Vocabulary Flashcards From Any Source Instantly,Why AI is Essential for Modern Vocabulary Acquisition
barrons-sat-vocabulary,AI Barron's SAT Vocabulary Flashcards Generator,Stop Manually Making Barron's SAT Vocabulary Flashcards,Mastering Barron's SAT Vocabulary with AI Flashcards
creator-images,AI Flashcard Creator with Images: Study Smarter,Effortless Flashcard Creator with Images and AI,Master Content Conversion with Visual AI Study Aids
comptia,AI CompTIA A+ Flashcards: Generate from PDF Fast,Generate CompTIA A+ Flashcards From Any PDF Instantly,Master CompTIA A+ Concepts Faster Than Manual Creation
abacus,AI Abacus Flash Cards from PDF: Study Smarter,Create Abacus Flash Cards Instantly from Any PDF,Mastering Abacus Concepts with AI Flash Cards
nccer-pipefitter,Instant NCCER Pipefitter Flashcards from Documents,Master NCCER Pipefitter Concepts with AI Flashcards,Why AI is Essential for NCCER Pipefitter Certification Prep
ged,Instant GED Flashcards from PDF: Study Smarter Now,Create Unlimited GED Flashcards from Any Document,Transforming GED Study Materials into Active Recall Tools
maker-studying,Best Flashcard Maker for Studying: AI-Powered Study Aids,The Ultimate Flashcard Maker for Studying: AI-Generated Sets,Why Our AI Flashcard Maker Outperforms Manual Methods
online,Free Notecards Online: AI Flashcards From Your Study Docs,Generate Free Notecards Online Instantly with AI,Leveraging AI for High-Efficiency Learning
make-my,AI Flashcards: Make Your Own From Any Document,Effortlessly Make Your Own Flashcards With Our AI App,Go Beyond Manual Flashcard Creation with AI
shape,AI Shape Flash Cards from PDF: Study Smarter,Instant Shape Flash Cards from Your PDF Files,Mastering Geometric Shapes with AI Flash Cards
maker-software,AI Flash Card Maker Software: Study Smarter Instantly,The Easiest AI Flash Card Maker Software Available,Mastering Study Workflow with AI Flash Card Maker Software
emotions,AI Generated Emotions Flashcards from PDFs,Instantly Create Emotions Flashcards from Any Document,Mastering Emotional Intelligence Through AI Flashcards
dolch-sight,AI Dolch Sight Word Flash Cards Generator,Instant AI Dolch Sight Word Flash Cards,Why AI Flashcards Outperform Static Dolch PDF Downloads
alphabet-letter,AI Alphabet Letter Cards from PDF | Fast Study Prep,Generate Alphabet Letter Cards from PDF Instantly,Mastering Early Literacy with AI Flashcards
fraction,AI Fraction Flash Cards from PDF: Study Smarter,Generate Instant Fraction Flash Cards from Any PDF,Mastering Fractions Through AI-Driven Active Recall
money,AI Money Flashcards: PDF to Study System Instantly,Create AI Money Flashcards from Any Document,Leverage AI for Document-Based Money Flash Cards
make-my-quizlet,Make Your Own Quizlet Faster with AI Flashcards,Stop Manual Entry: Make Your Own Quizlet Sets Instantly,Why Our AI Outpaces Traditional Quizlet Creation
letter-sound,Generate Letter Sound Cards From Any PDF Instantly,Create AI Letter Sound Cards From Any PDF,Mastering Phonics with AI Flashcard Generation
esl-weather,ESL Weather Flashcards: Master Vocabulary Fast,Generate AI ESL Weather Flashcards Instantly,Mastering ESL Weather Vocabulary with AI
create-quizlet-quiz,Create Quizlet Quiz Fast: AI Study Tool,Instantly Create Quizlet Quiz Material with AI,Why AI Transforms How You Create Quizlet Quiz Content
sat-vocab,AI SAT Vocab Flashcards: Study Smarter Now,Generate Instant SAT Vocab Flashcards with AI,Why AI is Essential for SAT Vocab Acquisition
families,AI Word Families Flashcards from PDF & Documents,Instant Word Families Flashcards from Your Study Materials,Mastering Word Families with AI Flashcards
addition-subtraction,AI Addition & Subtraction Flash Cards from PDFs,Generate Addition and Subtraction Flash Cards Instantly,Mastering Math with AI Flashcards for Addition and Subtraction
singular-plural,AI Singular and Plural Flashcards from PDFs & Docs,Instantly Create Singular and Plural Flashcards PDF Content,Mastering Grammar Rules with AI Flashcards
cursive,AI Cursive Flashcards from PDFs: Study Smarter,Generate Cursive Flashcards from Your Study Material Instantly,Harness AI for Perfecting Cursive and Handwriting Practice
addition,AI Addition Flashcards: Instant PDF to Study Cards,Generate Instant Addition Flashcards from Any PDF,Mastering Addition Concepts Through Active Recall
quiz-maker,AI Flashcard Quiz Maker: Generate Study Sets Fast,The Fastest AI Flashcard Quiz Maker Available,Unlock Smarter Studying with AI Quiz Generation
phonics-sound,AI Phonics Sound Cards: Generate Study Sets Instantly,Create Phonics Sound Cards From Any Document Instantly,Automate Phonics Sound Card Creation for Deeper Learning
notes,AI Flash Card Notes: Instant Conversion from Documents,Generate Smart Flash Card Notes From Any Document,Mastering Study Efficiency with AI Flash Card Notes
ai-generator,"AI Flashcards Generator: Study Smarter, Not Harder",Instant AI Flashcards Generator from Your Study Materials,Why Use an AI Flashcards Generator Over Manual Creation?
community-signs,AI Flashcards for Community Signs PDF Study,Instant AI Flashcards for Community Signs PDF,Unlock Faster Learning with AI Study Aids
opposite,Generate Opposite Flashcards from Any PDF Instantly,Create Opposite Flashcards from Any PDF or Document,Maximize Retention: AI Conversion for Any Study Source
short-vowel,Generate Short Vowel Flashcards from Any PDF,Instantly Create Short Vowel Flashcards from Your Documents,Mastering Phonics with AI-Powered Short Vowel Flashcards
color,AI Color Flash Cards from PDF: Study Smarter,Generate AI Color Flash Cards Directly From Your PDF,Why AI Flash Cards Beat Manual Note-Taking for Complex Topics
anki-medical-students,AI Flashcards for Medical Students: Study Smarter,Replace Manual Anki Setup with AI for Medical Students,Master Medical Knowledge with Smart Study Aids
action-picture,AI Flashcards from PDFs: Action Picture Study Cards,Instantly Create Study Cards from Any Action Picture PDF,Optimizing Study Workflow with AI Flashcard Generation
action-verb,AI Action Verb Flashcards from PDF: Study Smarter,Create Action Verb Flashcards from Any Document Instantly,Mastering Grammar Concepts with AI-Powered Action Verb Flashcards
create-multiple-choice,AI: Create Multiple Choice Flashcards Instantly,Instantly Create Multiple Choice Flashcards with AI,Mastering Exams: The Power of AI Multiple Choice Creation
convert-notes,Convert Notes to Flashcards Instantly with AI Power,Effortlessly Convert Notes to Flashcards Using AI,Why AI is Essential When You Convert Notes to Flashcards
pdf-flashcards,AI PDF to Flashcards: Convert Documents Fast,Convert Any PDF to Flashcards Instantly with AI,Mastering Content Through AI Flashcard Generation
maker-from,AI Flashcard Maker from PDF: Study Smarter Now,Instantly Create Flashcards from Any PDF or Document,Achieve Deeper Retention with AI Flashcard Maker from PDF
exercise,Generate Exercise Flash Cards from PDFs Instantly,Create AI Flash Cards from Your Exercise PDFs,Mastering Complex Topics with AI Exercise Flash Cards
program-make,AI Program to Make Flashcards from Documents Instantly,The Smartest Program to Make Flashcards from Your Notes,Why This Program Outperforms Manual Flashcard Creation
fruit-vegetable,AI Fruit and Vegetable Flashcards PDF Generator,Instantly Create Fruit and Vegetable Flashcards from Your PDF,Mastering Botany and Nutrition with AI Flashcards
fruit,AI Fruit Flashcards from PDF: Study Smarter Now,Instantly Create Fruit Flash Cards from Any PDF,Why AI Flash Cards Outperform Manual Creation
70-phonograms,Generate 70 Phonograms Flashcards Instantly,AI Flashcards for Mastering the 70 Phonograms,Why AI Flashcards Outperform Manual PDF Study Aids
synonyms-antonyms,AI-Powered Synonyms and Antonyms Flashcards,Create Synonyms and Antonyms Flashcards from Any Document,Mastering Vocabulary: Why AI Flashcards Beat Manual Study Aids
adjectives-opposites,AI Adjectives Opposites Flashcards from PDF/DOCX,Instant Adjectives Opposites Flashcards from Any Document,Mastering Adjective Opposites with AI-Driven Active Recall
grammar-adults,Master English Grammar with AI Flashcards,Instantly Generate Grammar Flashcards for Adults,Build Authority in English Grammar
animals-kindergarten,Instant AI Animals Flashcards for Kindergarten,Create Smart Animals Flashcards for Kindergarten Instantly,Mastering Early Learning with AI-Powered Flashcards
phonogram,AI Phonogram Flash Cards from PDF & DOCX,Create Smart Phonogram Flash Cards from Any Document,Mastering Phonics with AI-Driven Flash Cards
cgp-combined-science-revision,AI CGP Combined Science Revision Cards Now,Instant AI CGP Combined Science Revision Cards,Master CGP Combined Science Revision Cards with AI
babok-30,Generate BABOK 3.0 Flashcards from Any PDF,Create Smart BABOK 3.0 Flashcards from Your PDF,Mastering the BABOK 3.0 Body of Knowledge
clothes-vocabulary,AI Clothes Vocabulary Flashcards from PDFs & Docs,Generate Clothes Vocabulary Flashcards from Any File,Optimize Memorization for Clothes Vocabulary and Beyond
antonyms,Generate Antonyms Flashcards Instantly From Any PDF,Create Powerful Antonyms Flashcards From Your Study Materials,Mastering Vocabulary with AI Antonyms Flashcards
comparatives,AI Comparatives Flashcards from PDF & Docs,Instantly Create Comparatives Flashcards from Your Files,Mastering Grammar: The Power of AI Flashcards for Comparatives
critical-pass-reddit,AI Flashcards from PDFs: Study Smarter Now,Generate Critical Pass Flashcards from Your PDF Notes Instantly,Mastering Active Recall with AI Study Aids
farm-animals,AI Farm Animal Flashcards from PDFs & Docs,Generate Farm Animals Flash Cards from Any Document,Effective Study Using AI Flash Cards from Documents
feeling,Generate Feeling Flashcards from PDF Instantly,Generate Feeling Flashcards from Any PDF Instantly,Mastering Psychological Concepts with AI Flashcards
create-goodnotes,Create Flashcards From Goodnotes: Instant AI Study Sets,Instantly Create Flashcards From Goodnotes Files,Mastering Content Conversion from Digital Notebooks
conversation,Generate Conversation Flashcards from PDF & DOCX Instantly,Instant Conversation Flashcards from Any Document,Mastering Active Recall with AI Conversation Flashcards
filipino,Generate Filipino Flashcards from PDF Instantly,AI-Powered Filipino Flashcards from Any PDF,Accelerate Learning with AI-Driven Filipino Flashcards
everybody-up-starter,AI Everybody Up Starter Flashcards from PDF,Instant AI Flashcards for Everybody Up Starter,Master Everybody Up Starter Concepts with Active Recall
verbs,AI Flash Cards Verbs PDF: Create Study Sets Instantly,Generate Flash Cards Verbs PDF Content Automatically,Why AI-Generated Flash Cards Outperform Manual Prep
action-verbs,Create AI Flashcards from PDFs Instantly,Generate Study Flashcards from Your Action Verbs PDFs,Master Complex Topics Using AI-Powered Active Recall
english-online,Generate English Flashcards Online Instantly,Create Effective Flashcards English Online From Any Source,Mastering English Concepts with AI-Powered Recall
verbs-english,AI Flashcards Verbs in English: Convert PDF Now,Generate AI Flashcards Verbs in English from Your PDFs,Mastering English Verbs Through AI-Powered Active Recall
biology,AI Biology Flashcards: Convert PDFs to Study Guides,"Create Smart, Free Biology Flashcards from Any Document",The Power of AI for Mastering Complex Biology Topics
emotions-feelings,AI Emotions and Feelings Flashcards from PDF/DOCX,Instantly Create Emotions and Feelings Flashcards from Any File,Mastering Emotions and Feelings Through Active Recall
english-learning,Generate English Learning Cards from PDFs Instantly,Create AI English Cards for Learning from Any PDF,Mastering English Vocabulary and Grammar Through AI
greeting,AI Greeting Flashcards: From PDF to Study Ready,Generate Greeting Flashcards Instantly From Your PDF Files,Master Conversational Skills Faster with AI-Generated Greeting Flashcards
greetings-kindergarten,AI Kindergarten Greetings Flashcards from Any PDF,Generate AI Greetings Flashcards for Kindergarten from Any PDF,Mastering Early Childhood Review with AI Flashcards
house,AI House Flashcards from PDF: Study Smarter Now,Create Instant 'House' Flashcards from Any PDF,Mastering Housing Concepts Through Active Recall
hello,Instant Study Flashcards from PDFs & Docs,Transform Documents into Smart Flashcards with AI,Maximize Retention with AI-Powered Flashcards
infant-stimulation,Create Infant Stimulation Flashcards from Any PDF,Generate Infant Stimulation Flashcards from Your Study Materials,Mastering Infant Stimulation Concepts with AI Recall
greetings-english,AI Greetings Flashcards from English PDFs,Instantly Create Greetings Flashcards in English from PDF,Mastering English Conversations with AI Flashcards
hindi-swar,Instant Hindi Swar Flashcards from Any PDF,Create Custom Hindi Swar Flashcards From Your Study Material,Master Hindi Vowels (Swar) with AI Flashcards PDF Conversion
medstudy-pediatrics,AI MedStudy Pediatrics Flashcards from Any PDF,Convert Your MedStudy Pediatrics PDFs to Smart Flashcards,Mastering Pediatrics with AI-Driven Active Recall
midterm-notes,AI-Powered Midterm Notes and Flashcards Generator,Instantly Create AI Midterm Notes and Flashcards,Mastering Exam Preparation with AI Midterm Notes and Flashcards
jolly-phonics-download,AI Jolly Phonics Flashcards Generator (Free Start),Create Instant Jolly Phonics Flashcards from Any Document,Mastering Phonics with AI-Driven Flashcards
my-family,Generate AI Flashcards Instantly From Your Family PDFs,Create 'My Family Flashcards' Directly From Any Document,Unlock Smarter Studying with AI Document Conversion
newborn,AI Newborn Flashcards from PDF & Docs Instantly,Create Instant Newborn Flashcards from Any Document,Mastering Pediatric Knowledge with AI-Powered Flashcards
make-quizlet-live,AI Flashcards: Make Your Own Quizlet Live Alternative,Instantly Generate Study Sets: Make Your Own Quizlet Live Decks,Transform Study Documents into Active Recall Sessions
kaplan-anatomy,Generate Kaplan Anatomy Flashcards Instantly,Generate Kaplan Anatomy Flashcards from Any PDF,Master Anatomy Faster with AI-Powered Study Tools
colors-shapes,AI Flashcards from PDFs: Colors and Shapes Study,Instantly Create Colors and Shapes Flash Cards from Any PDF,Mastering Visual Concepts with AI Flash Cards
pathophysiology-exam-1-questions-quizlet,Ace Pathophysiology Exam 1 Questions Instantly,Generate Pathophysiology Exam 1 Questions & Answers Fast,Master Pathophysiology Concepts Faster Than Using Quizlet
opposite-adjectives,AI Opposite Adjectives Flashcards from PDF/Docs,Create Opposite Adjectives Flashcards Instantly,Master Opposites Faster with AI Flashcards
feelings-emotions,AI Flashcards for Feelings & Emotions from Any PDF,Transform Your Feelings & Emotions PDFs into Smart Flashcards,Mastering Feelings and Emotions with AI-Driven Study Aids
phlebotomy-essentials-7th-edition-quizlet,Phlebotomy Essentials 7th Edition Flashcards Instantly,"Stop Searching, Start Learning: AI Flashcards for Phlebotomy Essentials 7th Edition",Why AI Flashcards Outperform Traditional Quizlet Searches
summer,AI Summer Flashcards PDF Generator: Study Smarter,Generate Custom Summer Flashcards from Any Document,Smart Studying: Converting Summer PDFs into Active Recall Sets
shichida-download,Generate Shichida Flashcards Instantly (Free Trial),Create Your Shichida Flashcards Instantly with AI,Mastering Complex Concepts with AI Study Aids
summer-vocabulary,Generate Summer Vocabulary Flashcards Instantly,Create Summer Vocabulary Flashcards from Any Document,Why AI-Powered Vocabulary Flashcards Beat Manual Creation
sat-vocabulary-barrons-test-prep,SAT Vocabulary Flashcards from Barron's Prep Materials,Generate SAT Vocabulary Flashcards from Barron's Prep,Mastering SAT Vocabulary with AI Assistance
pronoun,AI Pronoun Flashcards from PDF: Study Smarter,Create AI Pronoun Flashcards from Your PDF Instantly,Achieve Grammar Fluency with AI Flashcards
tenses,AI Tenses Flashcards: Instant PDF to Study Sets,Generate Tenses Flashcards Instantly from Your Notes,Mastering Grammar with AI Tenses Flashcards PDF Conversion
thirsty-crow,AI Thirsty Crow Flash Cards & Study Aids,Generate Thirsty Crow Flash Cards Instantly with AI,Mastering Fables with AI Flash Cards
transportation,AI Transportation Flashcards from PDFs | Study Smarter,Instantly Create Transportation Flashcards from Any Document,Leverage AI for Transportation Flashcards From Any PDF
senses,AI Senses Flashcards from PDF: Study Smarter Now,Generate Senses Flashcards Instantly from Any Document,Mastering Sensory Systems with AI Flashcards
make-sight,AI Flashcards: Make Your Own Study Material Fast,"Stop Making Cards, Start Learning: AI for Your Own Flashcards",Why AI Transforms How You Make Study Flashcards
virtual-maker,AI Virtual Flashcards Maker: Study Smarter Now,The AI Virtual Flashcards Maker for Effortless Studying,Master Complex Topics with an AI Virtual Flashcards Maker
winter,Generate Winter Flashcards Instantly from Your PDFs,Create Powerful Winter Flashcards from Any PDF,Mastering Winter Concepts with AI Flashcards
punctuation,Generate Punctuation Flashcards from Any PDF Instantly,Create Punctuation Flashcards from PDF Documents Instantly,Accelerate Punctuation Mastery with AI Flashcards
1-20,Create 1-20 Flashcards Instantly from PDFs,Instantly Create 1-20 Flashcards from Any Document,Smarter Studying: AI Flashcards for Complex Material
5-senses,AI 5 Senses Flashcards: Study Smarter Instantly,Instantly Create Your 5 Senses Flashcards from Any Document,Mastering the Five Senses Through Active Recall
