slug,target_keyword,secondary_keywords
create-quizlet,create flashcards quizlet,""create quizlet flashcards", "make flashcards on quizlet", "make flashcards quizlet", "quizlet flashcard maker""
digital-maker,digital flashcard maker,""make your own digital flashcards", "digital flashcards maker", "make digital flashcards""
maker-pictures,flashcard maker with pictures free,""flashcard maker with pictures", "flashcard maker pictures", "flashcard maker with images""
colors,colors flashcards pdf free,""colors pdf flashcards", "colour flash cards pdf", "flashcards colors pdf""
vowel,vowel flashcards pdf,""abcd flashcards pdf", "jolly phonics flash cards pdf", "alphabet flash cards with pictures pdf", "abc alphabet flash cards pdf", "alphabet tracing flashcards pdf", "alphabet wall cards pdf", "english alphabet flash cards pdf""
shapes,shapes flashcards pdf free,""2d shapes flashcards pdf""
brown-bear,brown bear flashcards pdf,""animal picture cards pdf", "animals pdf flashcards", "flashcard animal pdf""
1-10,1 10 flashcards pdf,""1 100 flashcards pdf", "addition flash cards 0 20 pdf""
sat-vocabulary,sat vocabulary words flashcards,""sat vocabulary flashcards""
lange-pathology,lange pathology flash cards pdf,""anatomy flashcards""
spanish,spanish flash cards pdf,
create,app create flashcards,""apps to make flashcards on ipad", "app make your own flashcards", "build a flashcard app""
anki-english,anki english flashcards,""flashcard english words", "english alphabet flash cards pdf", "english flashcards for kindergarten pdf""
free-notecards,free notecards,
easy-maker,easy flashcard maker,
days-week,days of the week flashcards pdf free,
bicsi-rcdd,bicsi rcdd flash cards,
science,science flashcards pdf,
sight,sight words flash cards pdf free,
flip-maker,free flip card maker,
4-seasons,4 seasons flashcards pdf,
action,action flash cards pdf,
activities,activities flashcards pdf,
adjective,adjective flashcards pdf,
ap-biology,ap biology flashcards pdf,
ap-psychology,ap psychology flashcards pdf,
barrons-ap-statistics,barron's ap statistics flashcards pdf,
bedroom,bedroom flashcards pdf,
cantonese,cantonese flashcards pdf,
class-10,class 10 flashcards,
clothes,clothes flashcards pdf,
community-helpers,community helpers flashcards pdf free,
consonant-blends,consonant blends flashcards pdf,
counting,counting flashcards pdf,
countries,countries flashcards pdf,
create-anki-quickly,create anki cards quickly,
create-study-online,create study flashcards online,
cvc-blending,cvc blending flash cards pdf free,
days-months,days and months flashcards pdf,
days-week-kindergarten,days of the week flashcards for kindergarten pdf,
directions,directions flashcards pdf,
download-from-quizlet,download flashcards from quizlet,
english-verbs,english verbs flashcards pdf,
english-vocabulary,english vocabulary cards pdf,
esl-action-verbs,esl action verbs flashcards pdf,
esl-adults,esl flashcards for adults pdf,
family,family flash cards pdf,
family-members,family members flashcards pdf,
feelings,feelings flash cards pdf,
filipino-alphabet,filipino alphabet flash cards pdf,
flags-world,flags of the world flashcards pdf,
animals,flash cards animals pdf,
irregular-verbs,flash cards irregular verbs pdf,
learning-english,flash cards learning english pdf,
download,flash cards pdf download,
flash-cards-pdf-free,flash cards pdf free,
abc,flashcard abc pdf,
maker-download,flashcard maker download,
multiplication,flashcard multiplication pdf,
class-10-download,flashcards class 10 pdf free download,
fruits-vegetables,flashcards fruits and vegetables pdf,
fruits,flashcards fruits pdf,
phrasal-verbs,flashcards phrasal verbs pdf,
vocabulary-english,flashcards vocabulary english pdf,
food-drinks,food and drinks flashcards pdf,
food,food flashcards pdf,
food-vocabulary,food vocabulary flashcards pdf,
fundations-digraph-sound,fundations digraph sound cards pdf,
goodnotes-5,goodnotes 5 flashcards,
goodnotes,goodnotes flash card,
gre-magoosh,gre magoosh flashcards pdf,
halloween,halloween flashcards pdf,
histology,histology flashcards pdf,
idioms,idioms flashcards pdf,
integer,integer flash cards pdf,
ipa,ipa flashcards pdf,
jolly-phonics-group-1,jolly phonics group 1 flashcards pdf,
magoosh,magoosh flashcards pdf,
magoosh-vocabulary,magoosh vocabulary flashcards pdf,
make-anki-fast,make anki cards fast,
make,make own flashcards app,
make-online,make your flashcards online,
make-quizlet,make your quizlet,
marathi,marathi flashcards pdf,
medical-student-anki,medical student anki,
medstudy,medstudy flashcards pdf,
medstudy-internal-medicine,medstudy internal medicine flashcards pdf,
modern-real-estate-practice-20th-edition,modern real estate practice 20th edition flashcards,
months,months flashcards pdf,
nasm,nasm flashcards pdf,
nelson-denny-vocabulary,nelson denny vocabulary flashcards,
nihongo-notion,nihongo flashcards notion,
note-online-study,note cards online study,
past-simple-irregular-verbs,past simple irregular verbs flashcards pdf,
personal-pronouns,personal pronouns flashcards pdf,
phoneme,phoneme flashcards pdf,
physical-appearance,physical appearance flashcards,
picture,picture cards pdf,
planet,planet flashcards pdf,
possessive-pronouns,possessive pronouns flashcards pdf,
power-up-1,power up 1 flashcards pdf,
preposition-picture,preposition picture cards pdf,
python,python flashcards pdf,
quizlet-game-create,quizlet game create,
quizlet-make-private,quizlet make flashcards private,
quizlet-make,quizlet make own flashcards,
recycling,recycling flashcards pdf,
right-brain-education,right brain education flashcards pdf,
sat-vocabulary-online,sat vocabulary flashcards online,
season,season flashcards pdf,
servicenow-cis-itsm-quizlet,servicenow cis itsm quizlet,
servsafe-7th-edition-quizlet,servsafe 7th edition quizlet,
singular-plural-nouns,singular and plural nouns flash cards pdf,
smartserve-quizlet,smartserve quizlet,
story,story flashcards pdf,
subtraction,subtraction flashcards pdf,
tagalog,tagalog flashcards pdf,
tamil,tamil flash cards pdf,
tefl,tefl flashcards,
telugu,telugu flash cards pdf,
thanksgiving,thanksgiving flashcards pdf,
time,time flashcards pdf,
be,to be flashcards pdf,
transport,transport flashcards pdf,
tricky,tricky words flashcards pdf,
urdu-alphabets,urdu alphabets flash cards pdf,
vehicle,vehicle flashcards pdf,
verb,verb cards pdf,
weather,weather flashcards pdf free,
winter-sports,winter sports flashcards pdf,
quizlet-create-set,quizlet create a set,
good-notes,flash cards good notes,
good-note,flashcard good note,
quizlet-make-set,quizlet make a set,
uworld,uworld flashcards pdf,
language-maker,language flashcard maker,
quizlet-create,quizlet create your own flashcards,
make-vocabulary,make vocabulary flashcards,
vocab-maker,vocab flashcard maker,
online-maker,online flashcard maker,
online-creator,online flashcard creator,
ardms-abdomen-quizlet,ardms abdomen quizlet,
maker,flashcard maker,
creator,flashcard creator,
generator,flashcard generator,
best-maker,best flashcard maker app,
months-year,months of the year flashcards pdf,
study-notes,flashcards for study notes,
fema-ics-200-quizlet,fema ics 200 quizlet,
beginning-sound-picture,free beginning sound picture cards pdf,
api-570,api 570 flashcards,
sites-like-quizlet,flashcard sites like quizlet,
russian-alphabet,russian alphabet flashcards pdf,
students,flashcards app for students,
quizlet-how-make,quizlet how to make flashcards,
zoo-animals,zoo animals flashcards pdf,
quizlet,quizlet pdf,
canva-maker,canva flashcards maker,
evernote,evernote flashcard,
vocabulary,vocabulary flash cards pdf,
test-maker,flashcard test maker,
create-study-set-quizlet,create study set quizlet,
household-items,household items flashcards pdf,
magoosh-gre-vocabulary,magoosh gre vocabulary flashcards pdf,
make-online-study,make online flashcards to study,
note-recognition,note recognition flashcards,
create-digital,create digital flashcards,
quizlet-create-study-set,quizlet create study set,
spelling,spelling flashcards pdf,
one-note,one note flash cards,
make-anki,make anki cards,
anki-maker,anki flashcards maker,
create-anki,create anki cards,
anki-medical,anki medical,
anki-deck-generator,anki deck generator,
create-online,create flashcards online free,
by-chegg,flashcards+ by chegg,
digraph,digraph flashcards pdf free,
barrons-sat,barron's sat flashcards pdf,
colregs,colregs flashcards pdf,
organic-chemistry,organic chemistry flashcards pdf,
anki-note,anki note cards,
flowers,flowers flashcards pdf,
online-maker-pictures,free online flashcard maker with pictures,
handwritten-revision,handwritten revision flash cards,
sie,sie flashcards pdf,
wild-animals,wild animals flashcards pdf,
note-name,note name flashcards pdf,
create-virtual,create virtual flashcards,
study-maker,study flashcard maker,
anki-notes,anki notes,
sat-quizlet,sat words quizlet,
best-making,best app for making flashcards,
servsafe-diagnostic-test-quizlet,servsafe diagnostic test quizlet,
division,division flash cards pdf,
knowt,knowt flashcards,
fundations-trick,fundations trick words flashcards,
create-my-quizlet,create my own quizlet,
best-make,best app to make your own flashcards,
gmat,gmat flashcards pdf,
pronouns,pronouns flashcards pdf,
make-study,make your own study flashcards,
quizlet-make-quiz,quizlet make your own quiz,
revision-note,revision note cards,
esl,esl flashcards pdf,
french,french flash cards pdf,
sat-online,sat flashcards online,
best-website-make,best website to make flashcards,
asl,asl flash cards pdf,
interactive-maker,interactive flashcard maker,
math,math flash cards pdf,
multiplication-table,multiplication table flash cards pdf,
times-table,times table flash cards pdf,
epa-608,epa 608 flashcards,
best-create,best app to create flashcards,
website,notecards website,
online-study-note,online study note cards,
cvc,cvc flash cards pdf,
five-senses,five senses flashcards pdf,
maker-program,flashcard maker program,
healthy-food,healthy food flashcards pdf,
ncert,ncert flashcards,
shichida,shichida flashcards pdf,
insect,insect flashcards pdf,
chemistry,chemistry flashcards pdf,
online-vocabulary,online vocabulary flashcards,
make-my-quizlet,make my own quizlet,
birds,birds flashcards pdf,
stationery,flash cards stationery,
study-note,study note cards,
telling-time,telling time flash cards pdf,
pre-primer-sight,pre primer sight words flash cards pdf,
flash-cards-pdf,flash cards pdf,
best-creating,best app for creating flashcards,
blend,blend flashcards pdf,
create-quiz-quizlet,create quiz quizlet,
plants,plants flashcards pdf,
kaplan-gre-vocabulary,kaplan gre vocabulary flashcards pdf,
vocabulary-picture,vocabulary picture cards pdf,
lowercase-letter,lowercase letter flashcards pdf,
rbt,rbt flashcards pdf,
abacus,abacus flash cards pdf,
fraction,fraction flash cards pdf,
alphabet,free alphabet flash cards pdf,
long-vowel,long vowel flashcards pdf,
write,write flashcards,
prefixes-suffixes,prefixes and suffixes flashcards pdf,
medstudy-pediatrics-download,medstudy pediatrics flashcards pdf free download,
quizlet-create-quiz,quizlet create quiz,
quizlet-test-maker,quizlet test maker,
blank,blank flash cards pdf,
high-frequency,high frequency words flashcards pdf,
zoo-phonics,zoo phonics flash cards pdf,
automatic-maker,automatic flashcard maker,
create-vocabulary,create vocabulary flashcards,
ap-chemistry,ap chemistry flashcards pdf,
barrons-sat-vocabulary,barron's sat vocabulary flashcards pdf,
comptia,comptia a+ flashcards pdf,
creator-images,flashcard creator with images,
nccer-pipefitter,nccer pipefitter flashcards,
esl-weather,esl weather flashcards,
ged,ged flashcards pdf,
emotions,emotions flashcards pdf,
addition,addition flash cards pdf,
make-my,make my own flashcards app,
dolch-sight,dolch sight word flash cards pdf,
money,money flash cards pdf,
maker-studying,flashcard maker for studying,
online,free notecards online,
letter-sound,letter sound cards pdf,
shape,shape flash cards pdf,
maker-software,flash card maker software,
alphabet-letter,alphabet letter cards pdf,
create-quizlet-quiz,create quizlet quiz,
sat-vocab,sat vocab flashcards,
singular-plural,singular and plural flashcards pdf,
notes,flash card notes,
study-index,study index cards,
families,word families flashcards pdf,
addition-subtraction,addition and subtraction flash cards pdf,
anki-medical-students,anki for medical students,
cursive,cursive flashcards pdf,
action-verb,action verb flashcards pdf,
ai-generator,ai flashcards generator,
quiz-maker,flashcard quiz maker,
fruit-vegetable,fruit and vegetable flashcards pdf,
colors-shapes,colors and shapes flash cards pdf,
opposite,opposite flashcards pdf,
phonics-sound,phonics sound cards pdf,
community-signs,community signs flashcards pdf,
color,color flash cards pdf,
short-vowel,short vowel flashcards pdf,
action-picture,action picture cards pdf,
convert-notes,convert notes to flashcards,
chineasy,chineasy flashcards pdf,
create-multiple-choice,create multiple choice flashcards,
finra-sie,finra sie flashcards,
feelings-emotions,flashcards feelings and emotions pdf,
grammar-adults,grammar flashcards for adults,
synonyms-antonyms,synonyms and antonyms flashcards pdf,
pdf-flashcards,pdf to flashcards,
exercise,exercise flash cards pdf,
program-make,program to make flashcards,
ai-maker,ai flashcard maker,
phonogram,phonogram flash cards pdf,
english,english flashcards pdf,
country-flags,country flags flashcards pdf,
maker-from,flashcard maker from pdf,
70-phonograms,70 phonograms flashcards pdf,
fruit,fruit flash cards pdf,
adjectives-opposites,adjectives opposites flashcards pdf,
animals-kindergarten,animals flashcards for kindergarten pdf,
antonyms,antonyms flashcards pdf,
babok-30,babok 3.0 flashcards pdf,
cgp-combined-science-revision,cgp combined science revision cards,
clothes-vocabulary,clothes vocabulary flashcards pdf,
comparatives,comparatives flashcards pdf,
conversation,conversation flashcards pdf,
create-goodnotes,create flashcards goodnotes,
critical-pass-reddit,critical pass flashcards pdf reddit,
emotions-feelings,emotions and feelings flashcards pdf,
english-learning,english cards for learning pdf,
everybody-up-starter,everybody up starter flashcards pdf,
farm-animals,farm animals flash cards pdf,
feeling,feeling flashcards pdf,
filipino,filipino flashcards pdf,
verbs,flash cards verbs pdf,
action-verbs,flashcards action verbs pdf,
english-online,flashcards english online,
verbs-english,flashcards verbs in english pdf,
biology,free biology flashcards pdf,
greeting,greeting flashcards pdf,
greetings-kindergarten,greetings flashcards for kindergarten pdf,
greetings-english,greetings flashcards in english pdf,
hello,hello flashcards pdf,
hindi-swar,hindi swar flashcards pdf,
house,house flashcards pdf,
infant-stimulation,infant stimulation flashcards pdf,
jolly-phonics-download,jolly phonics flashcards pdf free download,
kaplan-anatomy,kaplan anatomy flashcards pdf,
make-quizlet-live,make your own quizlet live,
medstudy-pediatrics,medstudy pediatrics flashcards pdf,
midterm-notes,midterm notes and flashcards,
my-family,my family flashcards pdf,
newborn,newborn flashcards pdf,
opposite-adjectives,opposite adjectives flashcards pdf,
pathophysiology-exam-1-questions-quizlet,pathophysiology exam 1 questions quizlet,
pdf-flash-card,pdf flash card,
phlebotomy-essentials-7th-edition-quizlet,phlebotomy essentials 7th edition quizlet,
professions,professions flashcards pdf,
pronoun,pronoun flashcards pdf,
punctuation,punctuation flashcards pdf,
regular-irregular-verbs,regular and irregular verbs flashcards pdf,
regular-verbs,regular verbs flashcards pdf,
sanskrit,sanskrit flash cards pdf,
sat-vocabulary-barrons-test-prep,sat vocabulary flashcards barron's test prep,
senses,senses flashcards pdf,
shichida-download,shichida flashcards free download,
summer,summer flashcards pdf,
summer-vocabulary,summer vocabulary flashcards pdf,
tenses,tenses flashcards pdf,
thirsty-crow,thirsty crow flash cards,
transportation,transportation flashcards pdf free,
virtual-maker,virtual flashcards maker,
winter,winter flashcards pdf,
make-sight,make your own sight word flashcards app,
1-20,1 20 flashcards pdf,
11-20,11 20 flashcards pdf,
5-senses,5 senses flashcards pdf,
afrikaans,afrikaans flashcards pdf,
alphabet-pictures,alphabet cards with pictures pdf,
alphabet-picture,alphabet picture cards pdf,
appearance,appearance flashcards pdf,
aws-module-8,aws module 8 flashcards,
barrons-ap-calculus,barron's ap calculus flash cards pdf,
barrons-ap-world-history,barron's ap world history flashcards pdf,
body,body flashcards pdf,
cgp-revision-geography,cgp revision cards geography,
cgp-triple-science,cgp triple science flashcards,
christmas,christmas flashcards pdf,
christmas-vocabulary,christmas vocabulary flashcards pdf,
clock,clock flashcards pdf,
colors-english,colors in english flashcards pdf,
downloadable-alphabet,downloadable alphabet flash cards pdf,
earth-day,earth day flashcards pdf,
english-beginners,english flashcards for beginners pdf,
english-download,english flashcards pdf download,
english-sounds,english sounds flashcards pdf,
everybody-up-1,everybody up 1 flashcards pdf,
animal,flash card animal pdf,
oxford-phonics-world-1,flashcard oxford phonics world 1 pdf,
adjectives,flashcards adjectives pdf,
clothes-english,flashcards clothes english,
teaching-english,flashcards for teaching english pdf,
toys,flashcards toys pdf,
floppy-phonics,floppy phonics flashcards pdf,
goodnotes-study,goodnotes study flashcards,
halloween-vocabulary,halloween vocabulary flashcards pdf,
irregular-plural-nouns,irregular plural nouns flashcards pdf,
jolly-phonics-blending,jolly phonics blending cards pdf,
jolly-phonics,jolly phonics flashcards pdf free,
jolly-phonics-sound,jolly phonics sound cards pdf,
jolly-phonics-tricky,jolly phonics tricky words flashcards pdf,
kannada,kannada flashcards pdf,
lange-pathology-download,lange pathology flash cards pdf free download,
magoosh-gre,magoosh flashcards gre pdf,
moina,moina flashcards pdf,
my-body,my body flashcards pdf,
parasitology,parasitology flashcards pdf,
personality-adjectives,personality adjectives flashcards pdf,
personality,personality flashcards pdf,
phonics,phonics flashcards pdf free,
possessive-adjectives,possessive adjectives flashcards pdf,
present-simple,present simple flashcards pdf,
rwi-picture,rwi picture cards pdf,
shopping,shopping flashcards pdf,
super-minds-1,super minds 1 flashcards pdf,
tamil-alphabet,tamil alphabet flash cards pdf,
vowels,vowels flashcards pdf,
wiley-cma-download,wiley cma flashcards free download,
rhyming,rhyming words flash cards pdf,
phonetic-alphabet,phonetic alphabet flash cards pdf,
quizlet-create-test,quizlet create test,
quizlet-make-test,quizlet make a test,
alphabet-download,alphabet flash cards pdf free download,
from,flashcards from pdf,
sea-animals,sea animals flashcards pdf,
sat-quizlet-vocab,sat quizlet vocab,
occupation,occupation flashcards pdf,
grammar,grammar flashcards pdf,
shapes-preschoolers,shapes flashcards for preschoolers pdf,
animal-esl,animal flashcards esl,
keyword,Keyword,
sat,sat word flash cards,
1000-most-common-german,1000 most common german words flash cards pdf,
index-maker,index card maker app,
note-study,note cards to study,
multiple-choice-maker,multiple choice flashcard maker,
heggerty,heggerty flash cards,
phonics-blends,phonics blends flashcards pdf,
colors-kindergarten,colors flashcards for kindergarten pdf,
dinosaur,dinosaur flashcards pdf,
50-states,50 states flashcards pdf,
winter-clothes,winter clothes flashcards pdf,
verb-be,verb to be flashcards pdf,
lower-case-alphabet,lower case alphabet flash cards pdf,
my-first,my first words flash cards pdf,
preschool,preschool flash cards pdf,
best-sat-vocabulary,best sat vocabulary flashcards,
sign-language,sign language flash cards pdf,
big-small,big and small flashcards pdf,
greetings,greetings flashcards pdf,
storytelling,storytelling flashcards pdf,
ai-generated,ai generated flashcards,
blends-digraphs,blends and digraphs flashcards pdf,
letter,letter flash cards pdf,
english-grammar,english grammar flashcards pdf,
sat-prep-vocabulary,sat prep vocabulary flashcards,
kindergarten,kindergarten flash cards pdf,
lowercase,lowercase flashcards pdf,
kaplan-pharmacology,kaplan pharmacology flashcards,
flags,flags flashcards pdf,
english-vocabulary-adults,english vocabulary flashcards for adults pdf,
preposition,preposition flashcards pdf,
note-online,note cards online,
that-makes-you,app that makes flashcards for you,
that-make-you,apps that make flashcards for you,
ten-frame,ten frame flash cards pdf,
compound,compound words flashcards pdf,
letter-sounds,letter sounds flashcards pdf,
essential-sat-vocabulary,essential sat vocabulary flashcards,
first,first words flash cards pdf,
greek-alphabet,greek alphabet flash cards pdf,
arabic,arabic flashcards pdf,
lippincott,lippincott flashcards,
wh-questions,wh questions flashcards pdf,
profession,profession flashcards pdf,
glenn-doman,glenn doman flash cards pdf,
forest-animals,forest animals flashcards pdf,
heart,heart words flashcards pdf,
hindi,hindi flash cards pdf,
immunology,immunology flashcards pdf,
lippincott-biochemistry,lippincott biochemistry flashcards,
solar-system,solar system flashcards pdf,
urdu,urdu flashcards pdf,
reading,reading flash cards pdf,
princeton-review-sat-vocabulary,princeton review sat vocabulary flashcards,
kindergarten-sight,kindergarten sight words flash cards pdf,
