slug,anchor_text_var_1,anchor_text_var_2,description,related_slug_to_link_1,related_slug_to_link_2
colors,AI Colors Flashcards,Colors Flashcard Generator,"Instantly generate vibrant colors flashcards from documents to accelerate visual learning.",shapes,maker
vowel,Vowel Flashcards from PDF,AI Vowel Concepts Generator,"Transform study materials into smart vowel flashcards for mastering phonetic concepts.",long-vowel,pdf-flashcards
maker-pictures,Flashcard Maker with Pictures,AI Visual Study Sets,"Automatically create engaging, visual study sets by adding pictures to flashcards.",picture,creator-images
create-quizlet,AI Quizlet Flashcard Creator,Automated Quizlet Deck Builder,"Ditch manual entry and create smarter Quizlet-style decks from documents instantly.",create-anki,sites-like-quizlet
digital-maker,AI Digital Flashcard Maker,Online Digital Study Decks,"Create intelligent digital flashcard decks from any file for modern studying.",online-maker,maker
anki-english,Anki English Flashcards,Auto-generate Anki English Vocab,"Automatically generate Anki decks for English vocabulary to optimize language acquisition.",english-vocabulary,create-anki
1-10,1-10 Counting Flashcards,Number Flashcards 1-10,"Generate counting flashcards from any PDF to master numbers 1 to 10.",counting,1-20
free-notecards,Free AI Notecards,AI Notecard Generator,"Generate powerful, free notecards from any document for smarter studying.",note-online-study,online
sat-vocabulary,SAT Vocabulary Flashcards,AI SAT Vocab Builder,"Generate SAT vocabulary flashcards from word lists to accelerate exam mastery.",sat-vocab,gre-magoosh
sight,Sight Words Flash Cards,AI Sight Words Generator,"Generate smart sight words flash cards instantly from your learning materials.",high-frequency,dolch-sight
create,AI Flashcard Creator,App to Create Flashcards,"Effortlessly create effective flashcards from your existing study materials and notes.",creator,generator
bicsi-rcdd,Bicsi RCDD Flash Cards,AI RCDD Study Sets,"Generate Bicsi RCDD flash cards from any document for your certification.",api-570,pdf-flashcards
shapes,Shapes Flashcards Generator,AI Shapes Study Cards,"Instantly generate shapes flashcards from any file for mastering geometric concepts.",colors,abc
days-week,Days of the Week Flashcards,AI Weekday Flashcards,"Instantly create smart days of the week flashcards from your documents.",days-months,maker
brown-bear,Brown Bear Flashcards,Study Cards for Brown Bear,"Instantly create flashcards about 'Brown Bear' from your PDF storybook.",zoo-animals,animals
easy-maker,Easy Flashcard Maker,Fast Document to Flashcards,"The easiest flashcard maker: convert any document into a study set fast.",maker,generator
flip-maker,Free Flip Card Maker,AI Flip Card Generator,"Generate instant study decks with our free AI-powered flip card maker.",digital-maker,online-maker
spanish,AI Spanish Flash Cards,Spanish Vocabulary Generator,"Create powerful Spanish vocabulary flash cards automatically from your documents.",french,language-maker
science,Science Flashcards from PDF,AI Science Study Sets,"Convert your science PDFs into smart flashcards instantly for active recall.",biology,organic-chemistry
lange-pathology,Lange Pathology Flash Cards,AI Lange Pathology Decks,"Instantly create Lange Pathology flash cards from any source material.",medstudy,uworld
action,Action Flashcards Creator,AI Action Verbs Cards,"Generate engaging action flash cards from any document to improve vocabulary.",action-verb,verbs
4-seasons,4 Seasons Flashcards,AI Seasons Flashcard Maker,"Generate your custom 4 seasons flashcards instantly from any learning file.",weather,months-year
ap-biology,AP Biology Flashcards,AI AP Bio Study Cards,"Generate perfect AP Biology flashcards instantly for efficient, targeted exam review.",ap-chemistry,sat-vocabulary
adjective,AI Adjective Flashcards,Adjective Flashcard Generator,"Create instant adjective flashcards from your PDF documents for grammar mastery.",antonyms,pronouns
clothes,Clothes Flashcards from PDFs,Apparel Vocabulary Cards,"Generate smart clothes flashcards from any PDF for mastering apparel terminology.",clothes-vocabulary,household-items
create-study-online,Create Study Flashcards Online,Online Study Set Creator,"Create study flashcards online instantly from your materials using smart AI.",online-maker,digital-maker
cantonese,AI Cantonese Flashcards,Cantonese Vocabulary Cards,"Create powerful Cantonese flashcards from any document to master new vocabulary.",marathi,telugu
bedroom,Bedroom Flashcards,AI Household Item Cards,"Instantly create flashcards of bedroom items from any PDF or document.",household-items,house
create-anki-quickly,Create Anki Cards Quickly,Fast Anki Deck Generation,"Instantly create Anki cards from any document to streamline your study workflow.",make-anki-fast,anki-deck-generator
counting,Counting Flashcards from PDF,AI Number Flashcards,"Create counting flashcards directly from any PDF or document for math practice.",1-10,multiplication
community-helpers,Community Helpers Flashcards,AI Community Helper Cards,"Generate instant community helpers flashcards from any educational document.",family-members,professions
activities,Activities Flashcards,AI Study Activity Cards,"Instantly create activities flashcards from any PDF to master your study topics.",exercise,hobbies
consonant-blends,Consonant Blends Flashcards,AI Phonics Cards,"Create smart consonant blends flashcards instantly for foundational reading skills.",vowel,phonics-sound
class-10,"Class 10 Flashcards","AI Study Sets for Class 10","Generate instant Class 10 flashcards from any document for exam success.",class-10-download,ncert
barrons-ap-statistics,Barron's AP Statistics Flashcards,AI AP Stats Cards,"Generate AI Barron's AP Statistics flashcards instantly for top exam scores.",ap-psychology,ap-biology
countries,AI Countries Flashcards,Geography Flashcard Generator,"Instantly create countries flashcards from any PDF for mastering geography facts.",flags-world,capitals
ap-psychology,AP Psychology Flashcards,AI AP Psych Study Aids,"Generate perfect AP Psychology flashcards instantly for effective concept review.",ap-biology,barrons-ap-statistics
cvc-blending,CVC Blending Flash Cards,AI CVC Word Generator,"Create CVC blending flash cards instantly from any source for phonics practice.",cvc,jolly-phonics-group-1
days-week-kindergarten,Kindergarten Days of the Week,Preschool Weekday Flashcards,"Create smart days of the week flashcards for kindergarten-level learning.",days-week,months
esl-adults,ESL Flashcards for Adults,AI English Learning Cards,"Create instant ESL flashcards for adults from your documents for learning English.",esl,english-learning
english-vocabulary,English Vocabulary Cards,AI Vocabulary Builder,"Create smart English vocabulary cards instantly to master words faster.",vocabulary,idioms
directions,Directions Flashcards,AI Navigation Cards,"Instantly create directions flashcards from any file for spatial learning.",transport,location
animals,Flash Cards for Animals,AI Animal Study Guides,"Create instant flash cards from your animals study materials with AI.",zoo-animals,wild-animals
download-from-quizlet,Quizlet Download Alternative,Smarter Flashcard Generation,"Generate smarter flashcards instantly, skipping the Quizlet download hassle.",create-quizlet,sites-like-quizlet
irregular-verbs,Irregular Verbs Flash Cards,AI Verb Form Generator,"Generate smart flash cards from an irregular verbs PDF for grammar practice.",verbs,past-simple-irregular-verbs
days-months,Days and Months Flashcards,AI Calendar Flashcards,"Create days and months flashcards from any document for calendar mastery.",days-week,months-year
family-members,Family Members Flashcards,AI Family Vocabulary Cards,"Generate family members flashcards from any document for vocabulary building.",family,my-family
filipino-alphabet,Filipino Alphabet Flash Cards,AI Baybayin Study Cards,"Create instant Filipino alphabet flash cards from any source for language learning.",filipino,tagalog
esl-action-verbs,ESL Action Verbs Flashcards,English Action Verb Cards,"Generate instant ESL action verbs flashcards from your learning materials.",esl,action-verb
english-verbs,English Verbs Flashcards,AI Verb Conjugation Cards,"Generate English verbs flashcards instantly for mastering grammar and conjugation.",verbs,irregular-verbs
family,Family Flash Cards from PDF,AI Family Tree Cards,"Create family flash cards from your PDFs and documents for social studies.",family-members,my-family
flags-world,Flags of the World Flashcards,AI Flag Identification Cards,"Generate flags of the world flashcards from any document for geography.",countries,capitals
learning-english,Learn English Flash Cards,AI English Study Aids,"Create smart flash cards for learning English from any file.",english-vocabulary,esl
feelings,Feelings Flashcards,AI Emotions Vocabulary Cards,"Instantly create feelings flashcards from any document for emotional vocabulary.",emotions,feeling
download,AI Flash Card Downloader,Instant Study Material,"Generate smart flash cards from any PDF instead of searching for downloads.",maker-download,flash-cards-pdf-free
goodnotes-5,GoodNotes 5 to Flashcards,AI GoodNotes Converter,"Convert GoodNotes 5 notes into active recall flashcards instantly.",goodnotes,one-note
gre-magoosh,GRE Magoosh Flashcards,AI GRE Prep Generator,"Instantly generate AI flashcards from GRE Magoosh materials for smarter prep.",sat-vocabulary,gmat
halloween,Halloween Flashcards,AI Holiday Theme Cards,"Generate smart Halloween flashcards from any PDF for themed learning activities.",winter,summer
food,Food Flashcards from PDFs,AI Food Vocabulary Cards,"Instantly create food flashcards from your PDFs for culinary or language study.",food-vocabulary,fruits-vegetables
class-10-download,Class 10 Flashcard Download,AI Class 10 Study Sets,"Generate AI flashcards for Class 10, no download searching required.",class-10,ncert
fruits-vegetables,Fruits and Vegetables Flashcards,AI Produce Study Cards,"Generate smart flashcards from your fruits and vegetables PDF for study.",fruits,vegetables
histology,AI Histology Flashcards,Histology Slides to Cards,"Generate histology flashcards from your PDF notes instantly for medical school.",biology,lange-pathology
idioms,Idioms Flashcards from PDFs,AI Idiom Study Sets,"Instantly generate idioms flashcards from your documents to master expressions.",phrasal-verbs,english-vocabulary
abc,ABC Flashcards from PDF,AI Alphabet Cards,"Transform your documents into smart alphabet flashcards for learning letters.",alphabet,lowercase-letter
flash-cards-pdf-free,Free Flash Cards from PDF,AI PDF to Cards Converter,"Create smart flash cards from your PDF for free for any subject.",pdf-flashcards,free-notecards
maker-download,Flashcard Maker Download Alt,Instant Online Flashcard Maker,"An instant online tool, a smarter alternative to a flashcard maker download.",maker,digital-maker
fruits,Fruit Flashcards from PDF,AI Fruit Study Cards,"Generate smart flashcards from fruit PDFs instantly for botanical learning.",fruits-vegetables,food
multiplication,Multiplication Flashcards PDF,AI Math Facts Generator,"Create instant flashcards from your multiplication PDF notes for quick practice.",division,math
ipa,IPA Flashcards from PDFs,Phonetics Flashcard Generator,"Create IPA flashcards from your study materials for mastering phonetics.",phoneme,phonogram
integer,Integer Flash Cards,AI Integer Math Practice,"Generate integer flash cards instantly from your PDF notes for math concepts.",math,fraction
phrasal-verbs,Phrasal Verbs Flashcards,AI Phrasal Verb Decks,"Generate flashcards for phrasal verbs instantly from PDFs for language fluency.",idioms,english-verbs
jolly-phonics-group-1,Jolly Phonics Group 1 Cards,AI Jolly Phonics Generator,"Create Jolly Phonics Group 1 flashcards from any file for early reading.",zoo-phonics,cvc
magoosh-vocabulary,Magoosh Vocabulary Flashcards,AI Magoosh Vocab Builder,"Generate smart Magoosh vocabulary flashcards instantly from any study guide.",gre-magoosh,kaplan-gre-vocabulary
make-quizlet,Make Quizlet Sets with AI,AI Quizlet Card Maker,"Stop manual entry and make your Quizlet sets with AI instantly.",create-quizlet,quizlet-make
marathi,Marathi Flashcards PDF,AI Marathi Language Cards,"Create custom Marathi flashcards instantly from any PDF for language study.",telugu,hindi-swar
nasm,AI NASM Flashcards,NASM Study Sets from PDF,"Create NASM flashcards from your PDF study guide instantly for certification.",sie,comptia
make-anki-fast,Make Anki Cards Fast,Quick Anki Deck Creator,"Effortlessly make Anki cards fast from any document for efficient studying.",create-anki-quickly,anki-deck-generator
goodnotes,Goodnotes to Flash Cards,AI Goodnotes Note Converter,"Instantly turn Goodnotes material into smart AI-powered study flash cards.",goodnotes-5,one-note
nelson-denny-vocabulary,Nelson Denny Vocabulary Cards,AI Nelson Denny Prep,"Instantly create Nelson Denny vocabulary flashcards for targeted test preparation.",sat-vocabulary,vocab-maker
medstudy-internal-medicine,MedStudy Internal Medicine Cards,AI MedStudy Flashcards,"Generate instant AI flashcards from your MedStudy internal medicine files.",medstudy,uworld
vocabulary-english,English Vocabulary Flashcards,PDF to Vocab Cards,"Create smart English vocabulary flashcards instantly from any document.",english-vocabulary,vocab-maker
nihongo-notion,Nihongo Flashcards,Japanese Study Card Maker,"Transform your Nihongo study materials into smart flashcards for learning Japanese.",cantonese,spanish
magoosh,Magoosh Flashcards PDF Alt,AI Magoosh Study Tool,"Create AI Magoosh flashcards instantly as a powerful PDF alternative.",gre-magoosh,magoosh-vocabulary
medical-student-anki,Anki for Medical Students,AI Medical Anki Decks,"Create instant flashcards for medical student Anki prep, skipping manual entry.",anki-medical,lange-pathology
note-online-study,Online Note Cards,AI Study Note Generator,"Generate AI note cards online study aids instantly for faster learning.",study-notes,revision-note
medstudy,MedStudy Flashcards,AI MedStudy PDF Converter,"Create powerful MedStudy flashcards from any PDF or document instantly.",medstudy-internal-medicine,medstudy-pediatrics
food-vocabulary,Food Vocabulary Flashcards,Culinary Vocab Cards,"Generate food vocabulary flashcards from any document for culinary studies.",food,healthy-food
make-online,Make Flashcards Online,AI Online Card Creator,"Instantly make your flashcards online from any source using AI power.",online-maker,create-online
modern-real-estate-practice-20th-edition,Modern Real Estate Flashcards,AI Real Estate Prep,"Master Modern Real Estate Practice with AI-generated flashcards from your book.",sie,ged
make,Make Your Own Flashcards,AI Flashcard App,"Instantly make your own flashcards app content from documents using AI.",maker,creator
past-simple-irregular-verbs,Past Simple Irregular Verbs,AI Irregular Verb Cards,"Create past simple irregular verbs flashcards instantly for grammar practice.",irregular-verbs,verbs-english
possessive-pronouns,Possessive Pronouns Flashcards,AI Pronoun Grammar Cards,"Generate possessive pronouns flashcards instantly for mastering English grammar.",personal-pronouns,pronouns
quizlet-make-private,AI Flashcards for Study,Private Study Set Creator,"Ditch manual entry: create private AI flashcards from any file.",create-quizlet,pdf-flashcards
personal-pronouns,Personal Pronouns Flashcards,AI Pronoun Study Sets,"Create personal pronouns flashcards instantly from any document.",possessive-pronouns,pronouns
power-up-1,Power Up 1 Flashcards,AI Power Up Study Aids,"Create AI Power Up 1 flashcards from any document for your coursework.",everybody-up-starter,textbook-flashcards
food-drinks,Food & Drinks Flashcards,Beverage & Food Vocab,"Instantly create food and drinks flashcards from your PDF for learning.",food,fruits-vegetables
months,Months Flashcards from PDF,AI Months of the Year Cards,"Generate months flashcards instantly from your PDF documents for calendar review.",months-year,days-months
quizlet-make,Quizlet Make Alternative,Smarter Quizlet Set Builder,"Bypass manual entry: make your own Quizlet flashcards the smarter way.",make-quizlet,create-quizlet
recycling,Recycling Flashcards,AI Environmental Study Cards,"Generate instant recycling flashcards from any PDF for environmental science topics.",planet,sustainability
picture,Picture Cards from PDF,AI Picture Flashcard Generator,"Create picture cards and flashcards from your PDF documents automatically.",maker-pictures,creator-images
preposition-picture,Preposition Picture Cards,Visual Preposition Flashcards,"Transform documents into smart preposition picture cards for visual grammar learning.",preposition,grammar-adults
fundations-digraph-sound,Fundations Digraph Sound Cards,AI Fundations Cards,"Create Fundations digraph sound cards instantly with AI for phonics learning.",jolly-phonics-group-1,phonics-sound
phoneme,Phoneme Flashcards,AI Phonetic Cards,"Create instant phoneme flashcards from your study material for linguistic practice.",ipa,phonogram
physical-appearance,Physical Appearance Flashcards,Descriptive Adjective Cards,"Generate physical appearance flashcards instantly for descriptive vocabulary building.",adjective,clothes
python,Python Flashcards from PDF,AI Python Study Sets,"Generate instant Python flashcards from your PDF notes to master code concepts.",organic-chemistry,math
planet,Planet Flashcards,AI Solar System Cards,"Generate AI planet flashcards from your study PDF for astronomy lessons.",countries,science
quizlet-game-create,Study Game Generator,Quizlet Game Alternative,"Skip the Quizlet game creation grind; AI generates flashcards for study.",quizlet-make-quiz,test-maker
right-brain-education,Right Brain Education Cards,AI Shichida Flashcards,"Instantly create right brain education flashcards from any document.",shichida,infant-stimulation
tagalog,Tagalog Flashcards,AI Filipino Language Cards,"Create Tagalog flashcards from any document instantly to master the language.",filipino,filipino-alphabet
smartserve-quizlet,SmartServe Quizlet Alternative,AI SmartServe Flashcards,"Ditch manual creation: use AI flashcards for faster SmartServe mastery.",servsafe-7th-edition-quizlet,certification-prep
transport,Transport Flashcards from PDF,AI Transportation Cards,"Create custom transport flashcards from your PDF uploads for vocabulary.",vehicle,directions
tricky,Tricky Words Flashcards,AI Sight Words Helper,"Generate AI flashcards for your tricky words PDF to accelerate learning.",sight,high-frequency
urdu-alphabets,Urdu Alphabets Flashcards,AI Urdu Letter Cards,"Create AI Urdu alphabets flashcards from any document without manual creation.",hindi-swar,marathi
vehicle,Vehicle Flashcards from PDF,AI Transportation Vocabulary,"Create instant vehicle flashcards from any PDF or document for study.",transport,cars
verb,Verb Cards from PDF,AI Verb Flashcard Generator,"Instantly create verb cards from any document for mastering grammar concepts.",verbs,action-verb
weather,Weather Flashcards,AI Climate Study Cards,"Instantly generate weather flashcards from any PDF for meteorology or ESL.",4-seasons,esl-weather
winter-sports,Winter Sports Flashcards,AI Sports Vocabulary,"Create instant AI winter sports flashcards from your documents.",summer-sports,exercise
time,Time Flashcards from PDF,AI Clock Reading Cards,"Create instant AI time flashcards from any PDF for learning to tell time.",telling-time,clock-flashcards
quizlet-create-set,Quizlet Create a Set AI,Automated Study Set Maker,"Ditch 'Quizlet Create A Set'—generate smart flashcards from files now.",quizlet-make-set,create-study-set-quizlet
sat-vocabulary-online,Online SAT Vocabulary Flashcards,Digital SAT Vocab Prep,"Generate SAT vocabulary flashcards online instantly for smarter digital prep.",sat-vocabulary,sat-online
good-notes,Flash Cards from Good Notes,AI Good Notes Converter,"Instantly create flash cards from your Good Notes for smart review.",goodnotes,goodnotes-5
telugu,AI Telugu Flashcards,Telugu Language Card Maker,"Generate Telugu flash cards from your PDF and documents instantly.",marathi,hindi-swar
good-note,Flashcard Good Note,AI Note to Card Converter,"Generate your flashcard good note instantly with AI from any document.",good-notes,convert-notes
quizlet-make-set,AI to Make Quizlet Set,Automated Quizlet Maker,"Ditch manual entry: use AI to make a Quizlet set instantly.",quizlet-create-set,make-quizlet
uworld,AI UWorld Flashcards,UWorld PDF to Cards,"Create UWorld flashcards from your PDF notes instantly with AI.",medstudy,anki-medical
vocab-maker,AI Vocab Flashcard Maker,Instant Vocabulary Sets,"The fastest AI vocab flashcard maker online for maximizing retention.",vocabulary,english-vocabulary
quizlet-create,Quizlet Create Alternative,AI Flashcard Creator,"Effortlessly create your own flashcards with AI, faster than Quizlet.",create-quizlet,quizlet
make-vocabulary,Make Vocabulary Flashcards,AI Vocab List to Cards,"Effortlessly make vocabulary flashcards from any source or word list.",vocab-maker,vocabulary
online-maker,AI Online Flashcard Maker,Web-Based Flashcard Creator,"Generate study decks with an AI online flashcard maker from any document.",digital-maker,website
ardms-abdomen-quizlet,ARDMS Abdomen Flashcards,AI Registry Prep,"Create ARDMS Abdomen flashcards faster than Quizlet for registry success.",uworld,medstudy
online-creator,AI Online Flashcard Creator,Instant Online Study Aids,"The fastest AI online flashcard creator for turning notes into decks.",online-maker,creator
maker,AI Flashcard Maker,Docs to Study Cards,"The ultimate AI flashcard maker for converting complex material into cards.",generator,creator
creator,AI Flashcard Creator,Instant Study Decks,"The fastest AI flashcard creator for serious students using any document.",maker,generator
best-maker,Best Flashcard Maker App,Top AI Study Set Creator,"The best flashcard maker app powered by AI for instant study sets.",maker,easy-maker
generator,AI Flashcard Generator,Fast Study Set Creation,"The ultimate AI flashcard generator for mastering complex materials quickly.",maker,creator
months-year,Months of the Year Flashcards,AI Calendar Cards,"Generate smart months of the year flashcards from any PDF document.",months,days-months
study-notes,Flashcards for Study Notes,Note to Flashcard Converter,"Generate smart flashcards from your study notes instantly for active recall.",convert-notes,revision-note
fema-ics-200-quizlet,FEMA ICS 200 Flashcards,AI FEMA Test Prep,"Generate AI flashcards for FEMA ICS 200, better than generic Quizlet sets.",servicenow-cis-itsm-quizlet,comptia
beginning-sound-picture,Beginning Sound Picture Cards,AI Phonics Picture Cards,"Transform documents into smart flashcards for learning beginning letter sounds.",phonics-sound,letter-sound
api-570,API 570 Flashcards,AI API 570 Prep,"Create your API 570 flashcards instantly using AI for certification.",bicsi-rcdd,nccer-pipefitter
zoo-animals,Zoo Animals Flashcards,AI Animal Study Decks,"Create instant zoo animals flashcards from any document for biology.",animals,wild-animals
servsafe-7th-edition-quizlet,ServSafe 7th Edition Flashcards,AI ServSafe Prep,"Generate AI flashcards for ServSafe 7th Edition, ditching Quizlet.",smartserve-quizlet,epa-608
servicenow-cis-itsm-quizlet,ServiceNow CIS ITSM Cards,AI ServiceNow Prep,"Ditch Quizlet: create ServiceNow CIS ITSM flashcards instantly with AI.",fema-ics-200-quizlet,comptia
tamil,Tamil Flash Cards from PDF,AI Tamil Language Decks,"Generate AI Tamil flash cards from your study materials for learning.",telugu,marathi
tefl,TEFL Flashcards,AI TEFL Concept Cards,"Create smart TEFL flashcards instantly from your course documents.",tesol,esl
quizlet,AI Quizlet PDF Flashcards,PDF to Quizlet Cards,"Stop manually making Quizlet flashcards from PDFs; let AI do it instantly.",create-quizlet,sites-like-quizlet
sites-like-quizlet,Sites Like Quizlet,Quizlet Alternative AI,"Generate smarter flashcards instantly—a better tool than sites like Quizlet.",quizlet,knowt
canva-maker,AI Canva Flashcards Maker,Canva to Study Aids,"The ultimate AI Canva flashcards maker for creating study aids instantly.",maker-pictures,creator-images
evernote,Evernote Flashcards Converter,AI Evernote to Cards,"Transform your Evernote notes into smart flashcards for efficient studying.",one-note,goodnotes
vocabulary,Vocabulary Flash Cards,AI Vocab from PDF,"Generate vocabulary flash cards from your PDF files for any subject.",vocab-maker,english-vocabulary
test-maker,AI Flashcard Test Maker,Quiz Generator from Notes,"The AI flashcard test maker that helps you prepare for any exam.",quiz-maker,create-quiz-quizlet
create-study-set-quizlet,AI Study Set Generator,Beat Manual Quizlet Creation,"Effortlessly create study sets faster and smarter than manual Quizlet entry.",quizlet-create-set,create-quizlet
household-items,Household Items Flashcards,AI Home Vocabulary,"Create instant household items flashcards from your documents for vocab.",bedroom,kitchen-items
quizlet-how-make,How to Make Quizlet Faster,AI Quizlet Set Builder,"AI powers how to make Quizlet flashcards faster from any document.",quizlet-make,make-quizlet
students,Flashcards App for Students,AI Student Study Tool,"Create instant AI flashcards with an app designed for students.",maker,digital-maker
magoosh-gre-vocabulary,Magoosh GRE Vocabulary Cards,AI GRE Vocab Flashcards,"Create smart AI flashcards from Magoosh GRE Vocabulary lists instantly.",gre-magoosh,kaplan-gre-vocabulary
by-chegg,Flashcard Generator by Chegg,AI Study Alternative,"Instantly create effective flashcards, a smart alternative to manual methods.",quizlet,knowt
note-recognition,Note Recognition Flashcards,AI Music Note Reader,"Generate AI note recognition flashcards instantly for mastering music theory.",music-theory,instrument-flashcards
create-digital,Create Digital Flashcards,AI Digital Card Maker,"Effortlessly create digital flashcards from your study materials with AI.",digital-maker,online-maker
digraph,Digraph Flashcards from PDF,AI Phonics Digraph Cards,"Instantly create digraph flashcards from your documents for reading practice.",fundations-digraph-sound,phonics-sound
anki-deck-generator,AI Anki Deck Generator,Anki Decks from Files,"The ultimate AI Anki deck generator for complex material; just upload.",anki-maker,create-anki-quickly
anki-maker,AI Anki Flashcards Maker,Smart Anki Card Creator,"The smart AI Anki flashcards maker for fast, free study set creation.",anki-deck-generator,make-anki
one-note,One Note to Flash Cards,AI One Note Converter,"Transform your One Note pages into flash cards instantly with AI.",evernote,goodnotes
create-anki,Create Anki Cards with AI,Automated Anki Maker,"Stop manually making flashcards; use AI to create Anki cards instantly.",make-anki,anki-maker
barrons-sat,Barron's SAT Flashcards,AI SAT Prep Cards,"Create instant AI Barron's SAT flashcards from your study materials.",sat-vocabulary,barrons-sat-vocabulary
make-anki,Make Anki Cards Instantly,AI Anki Card Generator,"Effortlessly make Anki cards from any study material with our AI tool.",create-anki,anki-maker
quizlet-create-study-set,Quizlet Create Study Set Alt,AI Study Set Creator,"Instantly convert documents into smart study sets, automating active recall.",quizlet-create-set,create-study-set-quizlet
make-online-study,Make Online Study Flashcards,AI Online Study Tool,"Instantly make online flashcards to study smarter with AI generation.",online-maker,create-study-online
colregs,COLREGs Flashcards,AI Maritime Rule Cards,"Create smart COLREGs flashcards instantly from your PDF for exam prep.",boat-safety,navigation-rules
anki-note,AI Anki Note Cards,Automated Anki Note Maker,"Stop making Anki note cards manually and let AI create them for you.",create-anki,anki-notes
organic-chemistry,Organic Chemistry Flashcards,AI Orgo Study Sets,"Create organic chemistry flashcards from any PDF instantly for your course.",chemistry,biology
flowers,Flowers Flashcards,AI Botany Study Cards,"Generate flowers flashcards from your PDFs and docs with AI.",plants,fruits
sat-quizlet,SAT Words Quizlet Alt,AI SAT Flashcards,"Generate smarter SAT words flashcards instantly, a better alternative to Quizlet.",sat-vocabulary,barrons-sat
anki-notes,Flashcards from Anki Notes,AI Anki Note Converter,"Instantly create dynamic AI flashcards from your static Anki notes.",anki-note,create-anki
sie,SIE Flashcards,AI SIE Exam Prep,"Convert your SIE study materials into AI flashcards for exam mastery.",nasm,comptia
spelling,Spelling Flashcards,AI Spelling List Generator,"Create custom spelling flashcards from any document to master vocabulary.",vocabulary,english-vocabulary
servsafe-diagnostic-test-quizlet,ServSafe Diagnostic Test Prep,AI ServSafe Flashcards,"Ace your ServSafe Diagnostic Test with AI flashcards, not just Quizlet.",servsafe-7th-edition-quizlet,food-safety
note-name,Note Name Flashcards,AI Music Note Namer,"Transform your music sheets into smart AI flashcards for note naming.",note-recognition,music-theory
language-maker,AI Language Flashcard Maker,Vocabulary Learning Tool,"The ultimate AI language flashcard maker for mastering new vocabulary.",spanish,french
wild-animals,Wild Animals Flashcards,AI Wildlife Study Cards,"Create instant wild animals flashcards from any document for zoology.",animals,zoo-animals
division,AI Division Flashcards,Math Division Practice,"Create smart division flashcards from any PDF for mastering math facts.",multiplication,fraction
create-virtual,Create Virtual Flashcards,AI Virtual Study Decks,"Effortlessly create virtual flashcards from your study files for smarter learning.",digital-maker,online-maker
fundations-trick,Fundations Trick Words,AI Fundations Flashcards,"Create Fundations Trick Words flashcards instantly with AI for reading practice.",fundations-digraph-sound,sight
knowt,Knowt Flashcards Generator,AI Knowt Alternative,"Instantly generate Knowt-style flashcards using AI for faster concept mastery.",quizlet,sites-like-quizlet
handwritten-revision,Handwritten Notes to Flashcards,AI OCR for Notes,"Instantly create flash cards from handwritten revision notes with OCR.",convert-notes,study-notes
create-my-quizlet,Create Your Own Quizlet AI,Personal Quizlet Generator,"Instantly create your own Quizlet cards from any document using AI.",make-my-quizlet,quizlet-create
gmat,GMAT Flashcards,AI GMAT Prep,"Create AI-powered GMAT flashcards from any document for business school prep.",gre-magoosh,sat-vocabulary
best-make,Best App to Make Flashcards,AI-Powered Study App,"The best app to make your own flashcards instantly with AI.",best-maker,best-creating
best-making,Best App for Making Flashcards,Top AI Card Creator,"The best app for making flashcards from your notes using AI.",best-make,best-creator
make-study,Make Your Own Study Flashcards,AI Study Set Maker,"Make your own study flashcards with AI instead of manual creation.",create-study-online,maker-studying
math,AI Math Flash Cards,Math Problem Generator,"Create instant math flash cards from your study materials for any topic.",multiplication,division
revision-note,AI Revision Note Cards,Notes to Study Sets,"Transform any revision note into smart flashcards instantly for exam prep.",study-notes,convert-notes
sat-online,Create SAT Flashcards Online,Digital SAT Prep,"Generate custom SAT flashcards online from any document for test success.",sat-vocabulary-online,barrons-sat
quizlet-make-quiz,AI Quiz Maker,Smarter Quizlet Alternative,"Stop manually making quizzes; use our AI flashcard generator instead.",test-maker,quiz-maker
asl,AI ASL Flash Cards,ASL Sign Language Cards,"Create AI ASL flash cards instantly from your documents for learning.",language-maker,spanish
study-maker,AI Study Flashcard Maker,PDF to Study Cards,"The smartest AI study flashcard maker available for any subject.",maker,maker-studying
esl,ESL Flashcards from PDF,AI English as a Second Language,"Create powerful ESL flashcards from PDFs instantly for language learners.",esl-adults,english-learning
best-website-make,Best Website to Make Flashcards,Top Online Flashcard Maker,"The best website to make flashcards using your own study material.",website,online-maker
interactive-maker,AI Interactive Flashcard Maker,Engaging Study Sets,"The fastest AI interactive flashcard maker for dynamic, active recall.",maker,digital-maker
best-create,Best App to Create Flashcards,Top AI Study App,"The best app to create flashcards from any document with AI.",best-maker,creator
website,AI Notecards Website,Online Study Set Generator,"The AI notecards website that creates your study sets in seconds.",online-maker,best-website-make
epa-608,EPA 608 Flashcards,AI EPA Test Prep,"Instant EPA 608 flashcards generated from your study materials for certification.",servsafe-7th-edition-quizlet,api-570
online-study-note,Online Study Note Cards,AI Revision Card Creator,"Create powerful online study note cards from any document for review.",note-online-study,study-note
multiplication-table,Multiplication Table Cards,AI Times Table Generator,"Generate multiplication table flash cards from any document for math mastery.",times-table,multiplication
french,AI French Flash Cards,French Vocabulary Generator,"Create custom French flash cards from any document for language learning.",spanish,language-maker
cvc,CVC Flash Cards from PDF,AI CVC Word Family Cards,"Convert any CVC PDF to smart flash cards for mastering phonics.",cvc-blending,phonics-sound
five-senses,Five Senses Flashcards,AI 5 Senses Cards,"Create five senses flashcards instantly from your materials for sensory learning.",5-senses,senses
maker-program,Flashcard Maker Program,AI Study Software,"The ultimate AI flashcard maker program for students and professionals.",maker-software,maker
healthy-food,Healthy Food Flashcards,AI Nutrition Study Cards,"Create healthy food flashcards from any document instantly for nutrition.",food,food-vocabulary
study-note,AI Study Note Cards,Note to Flashcard Tool,"Transform your study notes into powerful AI flashcards for any subject.",study-notes,convert-notes
stationery,Flash Cards Stationery Alt,Digital Study Cards,"Create intelligent flash cards from any document, replacing physical stationery.",digital-maker,online-maker
times-table,Times Table Flash Cards,AI Multiplication Cards,"Generate times table flash cards from any document for math practice.",multiplication-table,multiplication
shichida,AI Shichida Flashcards,Shichida Method Cards,"Generate AI Shichida flashcards from any document for early learning.",right-brain-education,infant-stimulation
best-creating,Best App for Creating Flashcards,AI Note to Card App,"The best app for creating flashcards from your study materials.",best-create,best-maker
telling-time,Telling Time Flash Cards,AI Clock Flashcards,"Instant AI telling time flash cards from any document for kids.",time,clock-flashcards
flash-cards-pdf,Flash Cards PDF Generator,AI PDF to Flashcards,"Turn any PDF into intelligent flash cards instantly for faster learning.",pdf-flashcards,flash-cards-pdf-free
ncert,NCERT Flashcards,AI NCERT Study Aids,"Instantly generate personalized NCERT flashcards for Indian curriculum studies.",class-10,cbse-flashcards
birds,AI Birds Flashcards,Ornithology Study Cards,"Create instant AI birds flashcards from any document for ornithology.",animals,wild-animals
anki-medical,AI Medical Flashcards,Anki Alternative for Medicine,"Ditch manual decks: AI flashcards for Anki medical prep are faster.",medical-student-anki,uworld
blend,Blend Flashcards from PDF,AI Phonics Blend Cards,"Create smart flashcards from any blend PDF or document for reading.",consonant-blends,digraph
pre-primer-sight,Pre-Primer Sight Words Cards,AI Sight Word Flashcards,"Instantly generate Pre-Primer sight words flash cards beyond static PDFs.",sight,dolch-sight
online-vocabulary,Online Vocabulary Flashcards,AI Digital Vocab Cards,"Create perfect online vocabulary flashcards with AI, beating manual creation.",vocabulary,vocab-maker
create-quiz-quizlet,AI Quiz Creator,Smarter than Quizlet,"Instantly create quizzes and flashcards from any document with AI.",quiz-maker,test-maker
create-online,Create Flashcards Online Free,AI Online Card Generator,"Instantly create flashcards online free from any document with AI.",online-maker,make-online
plants,AI Plants Flashcards,Botany Study Cards from PDF,"Generate plants flashcards instantly with AI for mastering botany concepts.",flowers,biology
insect,AI Insect Flashcards,Entomology Study Cards,"Create custom insect flashcards from any PDF for entomology studies.",animals,biology
lowercase-letter,Lowercase Letter Flashcards,AI Alphabet Learning,"Create AI flashcards for lowercase letters from any document or PDF.",alphabet,abc
quizlet-test-maker,AI Quizlet Test Maker Alt,Smarter Test Generator,"A smarter AI alternative to the Quizlet test maker for active recall.",test-maker,quiz-maker
prefixes-suffixes,Prefixes and Suffixes Cards,AI Affix Flashcards,"Create AI prefixes and suffixes flashcards instantly for vocabulary building.",english-vocabulary,grammar-adults
alphabet,AI Alphabet Flash Cards,Free Letter Card Generator,"Generate free alphabet flash cards from any document for learning letters.",abc,lowercase-letter
pronouns,AI Pronouns Flashcards,Grammar Pronoun Cards,"Create instant pronouns flashcards from your study materials for grammar.",personal-pronouns,possessive-pronouns
blank,AI Flash Cards from PDFs,Automated Card Creator,"Stop making blank flash cards from PDFs; let AI create content for you.",pdf-flashcards,maker
long-vowel,Long Vowel Flashcards,AI Long Vowel Sound Cards,"Create long vowel flashcards from any document instantly for phonics.",vowel,short-vowel
high-frequency,High Frequency Words Cards,AI Sight Word Lists,"Create high frequency words flashcards from any document for reading fluency.",sight,dolch-sight
write,Write Flashcards with AI,Automated Flashcard Writing,"Instantly write flashcards from any document using AI for speed and precision.",maker,creator
zoo-phonics,Zoo Phonics Flash Cards,AI Phonics Learning,"Create Zoo Phonics flash cards from your learning materials with AI.",jolly-phonics-group-1,phonics-sound
automatic-maker,Automatic Flashcard Maker,Instant AI Study Aids,"The ultimate automatic flashcard maker for turning documents into study sets.",maker,generator
kaplan-gre-vocabulary,Kaplan GRE Vocabulary Cards,AI GRE Vocab Prep,"Generate Kaplan GRE vocabulary flashcards from your PDF instantly.",gre-magoosh,magoosh-gre-vocabulary
medstudy-pediatrics-download,Pediatrics Flashcards from PDF,AI MedStudy Peds Cards,"Generate smart flashcards from MedStudy Pediatrics PDFs for board review.",medstudy,medstudy-pediatrics
ap-chemistry,AP Chemistry Flashcards,AI AP Chem Prep,"Create smart AP Chemistry flashcards from your study materials instantly.",ap-biology,organic-chemistry
create-vocabulary,Create Vocabulary Flashcards,AI Vocab Card Generator,"Create vocabulary flashcards from any source instantly for language learning.",make-vocabulary,vocab-maker
barrons-sat-vocabulary,Barron's SAT Vocabulary Cards,AI Barron's SAT Prep,"Stop manually making Barron's SAT vocabulary flashcards; use AI instead.",barrons-sat,sat-vocabulary
creator-images,Flashcard Creator with Images,AI Visual Flashcards,"The effortless flashcard creator with images, powered by visual AI.",maker-pictures,picture
comptia,CompTIA A+ Flashcards,AI CompTIA Prep,"Generate CompTIA A+ flashcards from any PDF instantly for IT certification.",nasm,sie
abacus,AI Abacus Flash Cards,Math Abacus Practice,"Create abacus flash cards instantly from any PDF for mental math training.",math,counting
nccer-pipefitter,NCCER Pipefitter Flashcards,AI Trade School Prep,"Master NCCER Pipefitter concepts with AI flashcards for your certification.",api-570,trades-prep
ged,Instant GED Flashcards,AI GED Test Prep,"Create unlimited GED flashcards from any document for test preparation.",sat-vocabulary,gmat
maker-studying,Flashcard Maker for Studying,Best AI Study Tool,"The ultimate flashcard maker for studying, with AI-generated sets.",study-maker,maker
online,Free Notecards Online,AI Web Notecard Maker,"Generate free notecards online instantly with AI from your study docs.",free-notecards,online-maker
make-my,Make Your Own Flashcards AI,Personal Flashcard Creator,"Effortlessly make your own flashcards with our AI app from any document.",make,creator
shape,Shape Flash Cards from PDF,AI Geometry Cards,"Create instant shape flash cards from your PDF files for geometry.",shapes,colors
maker-software,Flash Card Maker Software,AI Study Program,"The easiest AI flash card maker software available for instant studying.",maker-program,digital-maker
emotions,Emotions Flashcards,AI Feelings Study Cards,"Instantly create emotions flashcards from any document for social learning.",feelings,emotions-feelings
dolch-sight,Dolch Sight Word Flash Cards,AI Dolch Word Generator,"Create instant AI Dolch sight word flash cards, beating static PDF lists.",sight,pre-primer-sight
alphabet-letter,Alphabet Letter Cards,AI Letter Learning,"Generate alphabet letter cards from your PDF instantly for early literacy.",alphabet,lowercase-letter
fraction,Fraction Flash Cards,AI Math Fraction Helper,"Generate instant fraction flash cards from any PDF for math concepts.",division,integer
money,AI Money Flashcards,Currency Study System,"Create AI money flashcards from any document for financial literacy.",math,counting
make-my-quizlet,Make Your Own Quizlet AI,Faster Quizlet Creation,"Stop manual entry: make your own Quizlet sets instantly with AI.",create-my-quizlet,quizlet-make
letter-sound,Letter Sound Cards,AI Phonics Generator,"Create AI letter sound cards from any PDF for mastering phonics.",beginning-sound-picture,phonics-sound
esl-weather,ESL Weather Flashcards,English Weather Vocabulary,"Generate AI ESL weather flashcards instantly for mastering English vocabulary.",esl,weather
create-quizlet-quiz,Create Quizlet Quiz with AI,Smarter Quiz Generator,"Instantly create Quizlet quiz material with AI for effective testing.",quizlet-make-quiz,create-quiz-quizlet
sat-vocab,AI SAT Vocab Flashcards,Instant SAT Word Prep,"Generate instant SAT vocab flashcards with AI for essential exam prep.",sat-vocabulary,barrons-sat-vocabulary
families,Word Families Flashcards,AI Phonics Family Cards,"Create instant word families flashcards from your study materials.",phonics-sound,cvc
addition-subtraction,Addition & Subtraction Cards,AI Math Fact Flashcards,"Generate addition and subtraction flash cards instantly for math practice.",addition,subtraction
singular-plural,Singular and Plural Flashcards,AI Grammar Noun Cards,"Instantly create singular and plural flashcards for mastering grammar rules.",pronouns,nouns
cursive,AI Cursive Flashcards,Handwriting Practice Sheets,"Generate cursive flashcards from your study material for handwriting practice.",alphabet,writing-practice
addition,AI Addition Flashcards,Math Addition Practice,"Generate instant addition flashcards from any PDF for mastering math facts.",addition-subtraction,math
quiz-maker,AI Flashcard Quiz Maker,Study Set Quiz Generator,"The fastest AI flashcard quiz maker available for smarter studying.",test-maker,create-quiz-quizlet
phonics-sound,Phonics Sound Cards,AI Phonics Deck Creator,"Create phonics sound cards from any document instantly for reading.",jolly-phonics-group-1,letter-sound
notes,AI Flash Card Notes,Document to Note Cards,"Generate smart flash card notes from any document for study efficiency.",study-notes,convert-notes
ai-generator,AI Flashcards Generator,Instant Study Material,"An instant AI flashcards generator from your study materials for smart learning.",generator,maker
community-signs,Community Signs Flashcards,AI Sign Recognition Cards,"Create instant AI flashcards for community signs from a PDF.",directions,safety-signs
opposite,Opposite Flashcards,AI Antonym Generator,"Create opposite flashcards from any PDF or document to expand vocabulary.",antonyms,synonyms-antonyms
short-vowel,Short Vowel Flashcards,AI Short Vowel Sound Cards,"Instantly create short vowel flashcards from your documents for phonics.",vowel,long-vowel
color,AI Color Flash Cards,PDF to Color Cards,"Generate AI color flash cards directly from your PDF for learning.",colors,shapes
anki-medical-students,AI Flashcards Medical Students,Smarter Anki for Medicine,"Replace manual Anki setup with AI flashcards for medical students.",anki-medical,medical-student-anki
action-picture,Action Picture Study Cards,Visual Action Verbs,"Instantly create study cards from any action picture PDF for visual learning.",action-verb,picture
action-verb,Action Verb Flashcards,AI Verb Study Cards,"Create action verb flashcards from any document instantly for grammar.",verbs,action
create-multiple-choice,Multiple Choice Flashcards,AI Question Generator,"Instantly create multiple choice flashcards and questions with AI.",test-maker,quiz-maker
convert-notes,Convert Notes to Flashcards,AI Note Converter,"Effortlessly convert your notes to flashcards using AI for active recall.",study-notes,handwritten-revision
pdf-flashcards,PDF to Flashcards,AI PDF Converter,"Convert any PDF to flashcards instantly with AI for content mastery.",flash-cards-pdf,maker-from
maker-from,Flashcard Maker from PDF,Create Cards from Docs,"Instantly create flashcards from any PDF or document for deeper retention.",pdf-flashcards,maker
exercise,Exercise Flash Cards,AI Fitness Study Aids,"Create AI flash cards from your exercise PDFs for personal training.",nasm,health-flashcards
program-make,Program to Make Flashcards,AI Flashcard Software,"The smartest program to make flashcards from your notes automatically.",maker-program,maker-software
fruit-vegetable,Fruit and Vegetable Flashcards,AI Produce ID Cards,"Instantly create fruit and vegetable flashcards from your PDF.",fruits-vegetables,food
fruit,AI Fruit Flashcards,Fruit Cards from PDF,"Instantly create fruit flash cards from any PDF for easy learning.",fruits,food
70-phonograms,70 Phonograms Flashcards,AI Phonogram Mastery,"Generate AI flashcards for mastering the 70 phonograms from any guide.",phonogram,phonics-sound
synonyms-antonyms,Synonyms and Antonyms Cards,AI Vocabulary Flashcards,"Create synonyms and antonyms flashcards from any document for vocab.",antonyms,opposite
adjectives-opposites,Adjectives Opposites Flashcards,AI Adjective Pairs,"Instant adjectives opposites flashcards from any document for vocabulary.",adjective,antonyms
grammar-adults,English Grammar for Adults,AI Grammar Flashcards,"Instantly generate grammar flashcards for adults to master English.",esl-adults,english-learning
animals-kindergarten,Animals Flashcards Kindergarten,Preschool Animal Cards,"Create smart animals flashcards for kindergarten instantly from any material.",animals,zoo-animals
phonogram,Phonogram Flash Cards,AI Phonics Cards,"Create smart phonogram flash cards from any document for reading.",70-phonograms,phoneme
cgp-combined-science-revision,CGP Combined Science Cards,AI CGP Revision Aids,"Generate instant AI CGP Combined Science revision cards from your guide.",science,biology
babok-30,BABOK 3.0 Flashcards,AI BABOK Prep,"Create smart BABOK 3.0 flashcards from your PDF for business analysis.",pmp-prep,certification-flashcards
clothes-vocabulary,Clothes Vocabulary Flashcards,Apparel Vocab Cards,"Generate clothes vocabulary flashcards from any file to optimize memorization.",clothes,vocabulary
antonyms,Antonyms Flashcards,AI Opposite Word Generator,"Create powerful antonyms flashcards from your study materials for vocabulary.",synonyms-antonyms,opposite
comparatives,Comparatives Flashcards,AI Grammar Cards,"Instantly create comparatives flashcards from your files for grammar mastery.",adjective,superlatives
critical-pass-reddit,Critical Pass Alternative,PDF to Study Aids,"Generate Critical Pass style flashcards from your PDF notes instantly.",bar-exam,law-school
farm-animals,Farm Animal Flashcards,AI Farm Animal Cards,"Generate farm animals flash cards from any document for learning.",animals,zoo-animals
feeling,Feeling Flashcards Generator,AI Emotion Cards,"Generate feeling flashcards from any PDF instantly to study psychology.",feelings,emotions
create-goodnotes,Flashcards from Goodnotes,AI Goodnotes Converter,"Instantly create flashcards from Goodnotes files for seamless studying.",goodnotes,goodnotes-5
conversation,Conversation Flashcards,AI Dialogue Prompts,"Generate instant conversation flashcards from any document for language practice.",english-learning,spanish
filipino,Filipino Flashcards from PDF,AI Filipino Language Cards,"Generate AI-powered Filipino flashcards from any PDF for faster learning.",tagalog,filipino-alphabet
everybody-up-starter,Everybody Up Starter Cards,AI ESL Kids Flashcards,"Create instant AI flashcards for Everybody Up Starter curriculum.",power-up-1,esl
verbs,Verbs Flash Cards PDF,AI Verb Conjugation,"Generate flash cards for verbs from PDF content automatically.",verb,action-verb
action-verbs,Action Verbs Flashcards PDF,AI Verb Study Sets,"Generate study flashcards from your action verbs PDFs for grammar.",action-verb,verbs
english-online,English Flashcards Online,AI Online English Learning,"Create effective English flashcards online from any source for language mastery.",english-learning,online-vocabulary
verbs-english,Verbs in English Flashcards,AI English Verb Cards,"Generate AI flashcards for verbs in English from your PDFs.",english-verbs,irregular-verbs
biology,AI Biology Flashcards,PDF to Biology Study Guide,"Create smart, free biology flashcards from any document for your class.",science,organic-chemistry
emotions-feelings,Emotions and Feelings Cards,AI Social-Emotional Learning,"Instantly create emotions and feelings flashcards from any file.",emotions,feelings
english-learning,English Learning Cards,AI ESL Flashcards,"Create AI English cards for learning from any PDF for vocabulary.",esl,learning-english
greeting,Greeting Flashcards,AI Conversation Starters,"Generate greeting flashcards instantly from your PDF files for social skills.",greetings-kindergarten,conversation
greetings-kindergarten,Kindergarten Greetings Cards,Preschool Social Skills,"Generate AI greetings flashcards for kindergarten from any PDF.",greeting,social-stories
house,House Flashcards from PDF,AI Home Vocabulary Cards,"Create instant 'house' flashcards from any PDF for vocabulary.",household-items,bedroom
hello,Instant Study Flashcards,AI Document Converter,"Transform documents into smart flashcards with AI for maximum retention.",maker,pdf-flashcards
infant-stimulation,Infant Stimulation Flashcards,AI Baby Learning Cards,"Create infant stimulation flashcards from your study materials for development.",newborn,shichida
greetings-english,English Greetings Flashcards,AI ESL Conversation,"Instantly create greetings flashcards in English from PDF for conversation.",greeting,english-learning
hindi-swar,Hindi Swar Flashcards,AI Hindi Vowel Cards,"Create custom Hindi Swar flashcards from your study material.",marathi,urdu-alphabets
medstudy-pediatrics,MedStudy Pediatrics Flashcards,AI Peds Board Prep,"Convert your MedStudy Pediatrics PDFs to smart flashcards for boards.",medstudy,anki-medical
midterm-notes,Midterm Notes to Flashcards,AI Exam Prep Generator,"Instantly create AI midterm notes and flashcards for exam preparation.",study-notes,revision-note
jolly-phonics-download,Jolly Phonics Flashcards,AI Phonics Card Generator,"Create instant Jolly Phonics flashcards from any document, free to start.",jolly-phonics-group-1,phonics-sound
my-family,My Family Flashcards,AI Family Tree Generator,"Create 'My Family Flashcards' directly from any document for projects.",family,family-members
newborn,Newborn Flashcards,AI Infant Care Study,"Create instant newborn flashcards from any document for pediatric knowledge.",infant-stimulation,pediatrics
make-quizlet-live,Quizlet Live Alternative,AI Study Game Maker,"Instantly generate study sets for Quizlet Live style games.",create-quizlet,quizlet-game-create
kaplan-anatomy,Kaplan Anatomy Flashcards,AI Anatomy Prep,"Generate Kaplan anatomy flashcards from any PDF to master anatomy faster.",histology,biology
colors-shapes,Colors and Shapes Flashcards,AI Visual Learning,"Instantly create colors and shapes flash cards from any PDF.",colors,shapes
pathophysiology-exam-1-questions-quizlet,Pathophysiology Exam 1 Prep,AI Patho Questions,"Generate Pathophysiology Exam 1 questions and answers fast from notes.",lange-pathology,medstudy
opposite-adjectives,Opposite Adjectives Flashcards,AI Adjective Antonyms,"Create opposite adjectives flashcards instantly to master descriptive words.",adjectives-opposites,antonyms
feelings-emotions,Feelings & Emotions Cards,PDF to Emotion Flashcards,"Transform your Feelings & Emotions PDFs into smart flashcards.",feelings,emotions
phlebotomy-essentials-7th-edition-quizlet,Phlebotomy Essentials Cards,AI Phlebotomy Prep,"AI flashcards for Phlebotomy Essentials 7th Edition, smarter than Quizlet.",medical-terms,anatomy
summer,Summer Flashcards PDF,AI Seasonal Vocabulary,"Generate custom summer flashcards from any document for themed learning.",winter,4-seasons
shichida-download,Shichida Flashcards Generator,AI Early Learning Tool,"Create your Shichida flashcards instantly with AI, free to start.",shichida,right-brain-education
summer-vocabulary,Summer Vocabulary Flashcards,AI Summer Word Lists,"Create summer vocabulary flashcards from any document for seasonal words.",summer,vocabulary
sat-vocabulary-barrons-test-prep,Barron's SAT Vocabulary,AI SAT Prep from Barron's,"Generate SAT vocabulary flashcards from Barron's prep materials.",barrons-sat-vocabulary,sat-vocabulary
pronoun,AI Pronoun Flashcards,Grammar Card Generator,"Create AI pronoun flashcards from your PDF instantly for grammar fluency.",pronouns,personal-pronouns
tenses,AI Tenses Flashcards,Verb Tense PDF Converter,"Generate tenses flashcards instantly from your notes for grammar.",verbs,past-simple-irregular-verbs
thirsty-crow,Thirsty Crow Flash Cards,AI Story Flashcards,"Generate Thirsty Crow flash cards and story aids instantly with AI.",moral-stories,reading-comprehension
transportation,Transportation Flashcards,AI Vehicle Cards,"Instantly create transportation flashcards from any document for vocab.",transport,vehicle
senses,Senses Flashcards,AI Sensory System Cards,"Generate senses flashcards instantly from any document for biology.",5-senses,five-senses
make-sight,Make Your Own Sight Words,AI Sight Word Creator,"Stop making cards; use AI to make your own sight words flashcards.",sight,dolch-sight
virtual-maker,AI Virtual Flashcards Maker,Online Study Card Creator,"The AI virtual flashcards maker for effortless online studying.",digital-maker,online-maker
winter,Winter Flashcards,AI Winter Theme Cards,"Create powerful winter flashcards from any PDF for seasonal learning.",summer,4-seasons
punctuation,Punctuation Flashcards,AI Grammar Punctuation,"Create punctuation flashcards from PDF documents instantly for writing skills.",grammar-adults,writing-rules
1-20,1-20 Flashcards,AI Number Cards 1-20,"Instantly create 1-20 flashcards from any document for number recognition.",1-10,counting
5-senses,5 Senses Flashcards,AI Senses Study Cards,"Instantly create your 5 senses flashcards from any document.",senses,five-senses